Workbook

Sheet Qo‘llanma
A1: SHOKALON — videodarslar katalogi, 8-versiya
A2: Tayyorlangan sana | B2: 2026-10-17
A3: Nima bor | B3: 33 bob, 253 kichik mavzu (Mundarija); 312 ta video (Katalog) — ilovadagi barcha darslar shu yerda kod va Video ID bilan; rad etilgan havolalar; bob bo‘yicha qamrov; audit va loyihadan chetga chiqishlar.
A5: Mavzu kodi | B5: BB.CC.TT — BB: bo‘lim (01–13), CC: bob (01–33, butun kurs bo‘yicha), TT: kichik mavzu. Masalan 03.11.06 = III bo‘lim, 11-bob, 6-mavzu (CBD). Kodlar mundarija matni o‘zgarsa ham o‘zgarmaydi.
A6: Video ID | B6: V001, V002 … — topilish tartibida beriladi va hech qachon almashtirilmaydi. V001–V013 — 2026-10-11 dagi oldingi ish (saqlandi).
A7: Fayl nomi | B7: SHK_{kod nuqtasiz}_{Video ID}_{variant}.srt. Masalan: SHK_031106_V004_ORIGINAL.srt va SHK_031106_V004_UZ-LATIN.srt. Bir video bir nechta mavzuga tegsa, fayl faqat asosiy kod bilan nomlanadi.
A8: Subtitr variantlari | B8: ORIGINAL (muallif subtitri), ASR-EN (YouTube avtomatik), UZ-LATIN, UZ-LATIN-v2 … Versiya raqami faqat oshadi.
A10: Tekshiruv holatlari
A11: Metadata tekshirilgan (YouTube sahifasi) | B11: Nomi, kanali va nashr sanasi YouTube sahifasidan olindi va qidiruv natijasidagi nom bilan mos keldi. Video ko‘rilmagan.
A12: Metadata tekshirilgan (ikkilamchi sahifa) | B12: Ma’lumot Tom Wade MD saytidagi joylashtirilgan video sahifasidan olingan. Video ko‘rilmagan.
A13: Metadata qisman | B13: Faqat qidiruv natijasi bor; kanal yoki mazmun tasdiqlanmagan.
A14: Havola tekshirilgan (oEmbed, GitHub serveri) | B14: Video mavjud, ochiq; nomi va kanali YouTube’ning rasmiy oEmbed javobidan. Subtitr va O‘zbekistonda ochilishi tekshirilmagan. Video ko‘rilmagan.
A15: Ishlamaydi | B15: Server tekshiruvida video ochilmadi. Qator saqlanadi (ID o‘zgarmasin), lekin qamrovga kirmaydi.
A16: Mundarija holatlari | B16: Mavjud va tekshirilgan · Mavjud, lekin tekshirilmagan · Qisman to‘ldirilgan · Yetishmaydi · Takroriy · Yangilash kerak. Hech bir video hali to‘liq ko‘rilmagani uchun “Mavjud va tekshirilgan” holati hozircha yo‘q.
A18: Siz to‘ldiradigan kataklar | B18: Sariq kataklar: Katalogdagi 6 ta baho ustuni (0–5), Subtitr turi va Izoh. Ballni faqat videoni ko‘rgach qo‘ying; 6 tasi to‘lsa, jami avtomatik hisoblanadi.
A19: Baho mezonlari (0–5) | B19: Mavzuga moslik · Tibbiy ishonchlilik · Amaliy demonstratsiya · Tushuntirish sifati · O‘quv darajasi · Vizual aniqlik. Jami 30.
A21: Cheklovlar | B21: Davomiylik bo‘sh yoki “>” bilan yozilgan joylarda YouTube sahifasi davomiylikni bermadi; “>” = oxirgi bob belgisigacha bo‘lgan vaqt. Subtitr borligi hech bir video uchun tekshirilmadi (sahifa ko‘rsatmadi). Litsenziya turi tekshirilmadi.
A22: Papka tuzilmasi (taklif) | B22: 01_CURRICULUM · 02_VIDEO_CATALOG (shu fayl) · 03_SUBTITLES_ORIGINAL · 04_SUBTITLES_TRANSLATED · 05_SUBTITLE_QA · 06_ULTRASOUND_ATLAS · 07_TESTS · 08_PRESENTATIONS · 09_REFERENCES · 10_RELEASES. Ilovaga (Dual Replay) katalog keyinroq shu fayldan avtomatik yasaladigan JSON sifatida kiradi.

Sheet Mundarija
A1: Kod | B1: Bo‘lim | C1: Bob | D1: Kichik mavzu | E1: Videolar soni | F1: Qisman (audit) | G1: Takror (audit) | H1: Holat | I1: Audit izohi
A2: 01.01.01 | B2: I. ULTRATOVUSH FIZIKASI VA APPARAT BILAN ISHLASH | C2: 1-bob. Ultratovush fizikasi | D2: 1.1. Tovush va ultratovushning tabiati, chastota, davr, amplituda va to‘lqin uzunligi. | E2: =COUNTIFS(Katalog!$B:$B,A2,Katalog!$Q:$Q,"<>Ishlamaydi*")+COUNTIFS(Katalog!$C:$C,"*"&A2&"*",Katalog!$Q:$Q,"<>Ishlamaydi*") -> 3 | H2: =IF(G2<>"","Takroriy",IF(E2=0,"Yetishmaydi",IF(F2="ha","Qisman to‘ldirilgan","Mavjud, lekin tekshirilmagan"))) -> Mavjud, lekin tekshirilmagan
A3: 01.01.02 | B3: I. ULTRATOVUSH FIZIKASI VA APPARAT BILAN ISHLASH | C3: 1-bob. Ultratovush fizikasi | D3: 1.2. Tovush tezligi, akustik impedans va to‘qimalar chegarasida aks etish. | E3: =COUNTIFS(Katalog!$B:$B,A3,Katalog!$Q:$Q,"<>Ishlamaydi*")+COUNTIFS(Katalog!$C:$C,"*"&A3&"*",Katalog!$Q:$Q,"<>Ishlamaydi*") -> 3 | H3: =IF(G3<>"","Takroriy",IF(E3=0,"Yetishmaydi",IF(F3="ha","Qisman to‘ldirilgan","Mavjud, lekin tekshirilmagan"))) -> Mavjud, lekin tekshirilmagan
A4: 01.01.03 | B4: I. ULTRATOVUSH FIZIKASI VA APPARAT BILAN ISHLASH | C4: 1-bob. Ultratovush fizikasi | D4: 1.3. Refleksiya, refraksiya, sochilish, diffraksiya va absorbsiya. | E4: =COUNTIFS(Katalog!$B:$B,A4,Katalog!$Q:$Q,"<>Ishlamaydi*")+COUNTIFS(Katalog!$C:$C,"*"&A4&"*",Katalog!$Q:$Q,"<>Ishlamaydi*") -> 2 | H4: =IF(G4<>"","Takroriy",IF(E4=0,"Yetishmaydi",IF(F4="ha","Qisman to‘ldirilgan","Mavjud, lekin tekshirilmagan"))) -> Mavjud, lekin tekshirilmagan
A5: 01.01.04 | B5: I. ULTRATOVUSH FIZIKASI VA APPARAT BILAN ISHLASH | C5: 1-bob. Ultratovush fizikasi | D5: 1.4. Attenuatsiya, chuqurlik va chastota o‘rtasidagi bog‘liqlik. | E5: =COUNTIFS(Katalog!$B:$B,A5,Katalog!$Q:$Q,"<>Ishlamaydi*")+COUNTIFS(Katalog!$C:$C,"*"&A5&"*",Katalog!$Q:$Q,"<>Ishlamaydi*") -> 1 | H5: =IF(G5<>"","Takroriy",IF(E5=0,"Yetishmaydi",IF(F5="ha","Qisman to‘ldirilgan","Mavjud, lekin tekshirilmagan"))) -> Mavjud, lekin tekshirilmagan
A6: 01.01.05 | B6: I. ULTRATOVUSH FIZIKASI VA APPARAT BILAN ISHLASH | C6: 1-bob. Ultratovush fizikasi | D6: 1.5. Echogenlik, akustik interfeyslar va tasvir hosil bo‘lishining fizik asoslari. | E6: =COUNTIFS(Katalog!$B:$B,A6,Katalog!$Q:$Q,"<>Ishlamaydi*")+COUNTIFS(Katalog!$C:$C,"*"&A6&"*",Katalog!$Q:$Q,"<>Ishlamaydi*") -> 1 | F6: ha | H6: =IF(G6<>"","Takroriy",IF(E6=0,"Yetishmaydi",IF(F6="ha","Qisman to‘ldirilgan","Mavjud, lekin tekshirilmagan"))) -> Qisman to‘ldirilgan
A7: 01.02.01 | B7: I. ULTRATOVUSH FIZIKASI VA APPARAT BILAN ISHLASH | C7: 2-bob. UZI apparati va datchiklar | D7: 2.1. Pyezoelektrik effekt va transduserning ishlash prinsipi. | E7: =COUNTIFS(Katalog!$B:$B,A7,Katalog!$Q:$Q,"<>Ishlamaydi*")+COUNTIFS(Katalog!$C:$C,"*"&A7&"*",Katalog!$Q:$Q,"<>Ishlamaydi*") -> 1 | H7: =IF(G7<>"","Takroriy",IF(E7=0,"Yetishmaydi",IF(F7="ha","Qisman to‘ldirilgan","Mavjud, lekin tekshirilmagan"))) -> Mavjud, lekin tekshirilmagan
A8: 01.02.02 | B8: I. ULTRATOVUSH FIZIKASI VA APPARAT BILAN ISHLASH | C8: 2-bob. UZI apparati va datchiklar | D8: 2.2. Konveks, chiziqli, sektor/fazalangan va endokavitar datchiklar. | E8: =COUNTIFS(Katalog!$B:$B,A8,Katalog!$Q:$Q,"<>Ishlamaydi*")+COUNTIFS(Katalog!$C:$C,"*"&A8&"*",Katalog!$Q:$Q,"<>Ishlamaydi*") -> 3 | H8: =IF(G8<>"","Takroriy",IF(E8=0,"Yetishmaydi",IF(F8="ha","Qisman to‘ldirilgan","Mavjud, lekin tekshirilmagan"))) -> Mavjud, lekin tekshirilmagan
A9: 01.02.03 | B9: I. ULTRATOVUSH FIZIKASI VA APPARAT BILAN ISHLASH | C9: 2-bob. UZI apparati va datchiklar | D9: 2.3. Datchik chastotasi va tekshiruvga mos datchikni tanlash. | E9: =COUNTIFS(Katalog!$B:$B,A9,Katalog!$Q:$Q,"<>Ishlamaydi*")+COUNTIFS(Katalog!$C:$C,"*"&A9&"*",Katalog!$Q:$Q,"<>Ishlamaydi*") -> 1 | F9: ha | H9: =IF(G9<>"","Takroriy",IF(E9=0,"Yetishmaydi",IF(F9="ha","Qisman to‘ldirilgan","Mavjud, lekin tekshirilmagan"))) -> Qisman to‘ldirilgan
A10: 01.02.04 | B10: I. ULTRATOVUSH FIZIKASI VA APPARAT BILAN ISHLASH | C10: 2-bob. UZI apparati va datchiklar | D10: 2.4. Eksenel, lateral va elevatsion rezolyutsiya. | E10: =COUNTIFS(Katalog!$B:$B,A10,Katalog!$Q:$Q,"<>Ishlamaydi*")+COUNTIFS(Katalog!$C:$C,"*"&A10&"*",Katalog!$Q:$Q,"<>Ishlamaydi*") -> 4 | H10: =IF(G10<>"","Takroriy",IF(E10=0,"Yetishmaydi",IF(F10="ha","Qisman to‘ldirilgan","Mavjud, lekin tekshirilmagan"))) -> Mavjud, lekin tekshirilmagan | I10: Atama: “eksenel” → “aksial” rezolyutsiya
A11: 01.02.05 | B11: I. ULTRATOVUSH FIZIKASI VA APPARAT BILAN ISHLASH | C11: 2-bob. UZI apparati va datchiklar | D11: 2.5. B-rejim, M-rejim va tasvirni qayta ishlash. | E11: =COUNTIFS(Katalog!$B:$B,A11,Katalog!$Q:$Q,"<>Ishlamaydi*")+COUNTIFS(Katalog!$C:$C,"*"&A11&"*",Katalog!$Q:$Q,"<>Ishlamaydi*") -> 3 | H11: =IF(G11<>"","Takroriy",IF(E11=0,"Yetishmaydi",IF(F11="ha","Qisman to‘ldirilgan","Mavjud, lekin tekshirilmagan"))) -> Mavjud, lekin tekshirilmagan
A12: 01.02.06 | B12: I. ULTRATOVUSH FIZIKASI VA APPARAT BILAN ISHLASH | C12: 2-bob. UZI apparati va datchiklar | D12: 2.6. Panoramik tasvir, compound imaging, harmonic imaging va speklni kamaytirish. | E12: =COUNTIFS(Katalog!$B:$B,A12,Katalog!$Q:$Q,"<>Ishlamaydi*")+COUNTIFS(Katalog!$C:$C,"*"&A12&"*",Katalog!$Q:$Q,"<>Ishlamaydi*") -> 1 | F12: ha | H12: =IF(G12<>"","Takroriy",IF(E12=0,"Yetishmaydi",IF(F12="ha","Qisman to‘ldirilgan","Mavjud, lekin tekshirilmagan"))) -> Qisman to‘ldirilgan | I12: Atama: compound/harmonic imaging → kompaund va garmonik tasvirlash
A13: 01.02.07 | B13: I. ULTRATOVUSH FIZIKASI VA APPARAT BILAN ISHLASH | C13: 2-bob. UZI apparati va datchiklar | D13: 2.7. Datchiklarni tozalash, dezinfeksiya va infeksiya nazorati. | E13: =COUNTIFS(Katalog!$B:$B,A13,Katalog!$Q:$Q,"<>Ishlamaydi*")+COUNTIFS(Katalog!$C:$C,"*"&A13&"*",Katalog!$Q:$Q,"<>Ishlamaydi*") -> 2 | F13: ha | H13: =IF(G13<>"","Takroriy",IF(E13=0,"Yetishmaydi",IF(F13="ha","Qisman to‘ldirilgan","Mavjud, lekin tekshirilmagan"))) -> Qisman to‘ldirilgan
A14: 01.03.01 | B14: I. ULTRATOVUSH FIZIKASI VA APPARAT BILAN ISHLASH | C14: 3-bob. Tasvirni optimallashtirish | D14: 3.1. Gain va TGC. | E14: =COUNTIFS(Katalog!$B:$B,A14,Katalog!$Q:$Q,"<>Ishlamaydi*")+COUNTIFS(Katalog!$C:$C,"*"&A14&"*",Katalog!$Q:$Q,"<>Ishlamaydi*") -> 3 | H14: =IF(G14<>"","Takroriy",IF(E14=0,"Yetishmaydi",IF(F14="ha","Qisman to‘ldirilgan","Mavjud, lekin tekshirilmagan"))) -> Mavjud, lekin tekshirilmagan
A15: 01.03.02 | B15: I. ULTRATOVUSH FIZIKASI VA APPARAT BILAN ISHLASH | C15: 3-bob. Tasvirni optimallashtirish | D15: 3.2. Depth, fokus va ko‘rish maydoni. | E15: =COUNTIFS(Katalog!$B:$B,A15,Katalog!$Q:$Q,"<>Ishlamaydi*")+COUNTIFS(Katalog!$C:$C,"*"&A15&"*",Katalog!$Q:$Q,"<>Ishlamaydi*") -> 5 | H15: =IF(G15<>"","Takroriy",IF(E15=0,"Yetishmaydi",IF(F15="ha","Qisman to‘ldirilgan","Mavjud, lekin tekshirilmagan"))) -> Mavjud, lekin tekshirilmagan
A16: 01.03.03 | B16: I. ULTRATOVUSH FIZIKASI VA APPARAT BILAN ISHLASH | C16: 3-bob. Tasvirni optimallashtirish | D16: 3.3. Dynamic range, chastota, frame rate va tasvir tezligi. | E16: =COUNTIFS(Katalog!$B:$B,A16,Katalog!$Q:$Q,"<>Ishlamaydi*")+COUNTIFS(Katalog!$C:$C,"*"&A16&"*",Katalog!$Q:$Q,"<>Ishlamaydi*") -> 3 | H16: =IF(G16<>"","Takroriy",IF(E16=0,"Yetishmaydi",IF(F16="ha","Qisman to‘ldirilgan","Mavjud, lekin tekshirilmagan"))) -> Mavjud, lekin tekshirilmagan
A17: 01.03.04 | B17: I. ULTRATOVUSH FIZIKASI VA APPARAT BILAN ISHLASH | C17: 3-bob. Tasvirni optimallashtirish | D17: 3.4. Zoom, cine-loop, o‘lchash va tasvirni saqlash. | E17: =COUNTIFS(Katalog!$B:$B,A17,Katalog!$Q:$Q,"<>Ishlamaydi*")+COUNTIFS(Katalog!$C:$C,"*"&A17&"*",Katalog!$Q:$Q,"<>Ishlamaydi*") -> 1 | F17: ha | H17: =IF(G17<>"","Takroriy",IF(E17=0,"Yetishmaydi",IF(F17="ha","Qisman to‘ldirilgan","Mavjud, lekin tekshirilmagan"))) -> Qisman to‘ldirilgan
A18: 01.03.05 | B18: I. ULTRATOVUSH FIZIKASI VA APPARAT BILAN ISHLASH | C18: 3-bob. Tasvirni optimallashtirish | D18: 3.5. Turli a’zolar uchun boshlang‘ich sozlamalar. | E18: =COUNTIFS(Katalog!$B:$B,A18,Katalog!$Q:$Q,"<>Ishlamaydi*")+COUNTIFS(Katalog!$C:$C,"*"&A18&"*",Katalog!$Q:$Q,"<>Ishlamaydi*") -> 0 | H18: =IF(G18<>"","Takroriy",IF(E18=0,"Yetishmaydi",IF(F18="ha","Qisman to‘ldirilgan","Mavjud, lekin tekshirilmagan"))) -> Yetishmaydi
A19: 01.03.06 | B19: I. ULTRATOVUSH FIZIKASI VA APPARAT BILAN ISHLASH | C19: 3-bob. Tasvirni optimallashtirish | D19: 3.6. Texnik xatolar va tasvir sifatini nazorat qilish. | E19: =COUNTIFS(Katalog!$B:$B,A19,Katalog!$Q:$Q,"<>Ishlamaydi*")+COUNTIFS(Katalog!$C:$C,"*"&A19&"*",Katalog!$Q:$Q,"<>Ishlamaydi*") -> 1 | H19: =IF(G19<>"","Takroriy",IF(E19=0,"Yetishmaydi",IF(F19="ha","Qisman to‘ldirilgan","Mavjud, lekin tekshirilmagan"))) -> Mavjud, lekin tekshirilmagan
A20: 01.04.01 | B20: I. ULTRATOVUSH FIZIKASI VA APPARAT BILAN ISHLASH | C20: 4-bob. Ultratovush artefaktlari | D20: 4.1. Akustik soya va posterior akustik kuchayish. | E20: =COUNTIFS(Katalog!$B:$B,A20,Katalog!$Q:$Q,"<>Ishlamaydi*")+COUNTIFS(Katalog!$C:$C,"*"&A20&"*",Katalog!$Q:$Q,"<>Ishlamaydi*") -> 2 | H20: =IF(G20<>"","Takroriy",IF(E20=0,"Yetishmaydi",IF(F20="ha","Qisman to‘ldirilgan","Mavjud, lekin tekshirilmagan"))) -> Mavjud, lekin tekshirilmagan
A21: 01.04.02 | B21: I. ULTRATOVUSH FIZIKASI VA APPARAT BILAN ISHLASH | C21: 4-bob. Ultratovush artefaktlari | D21: 4.2. Reverberatsiya, kometa dumi va ring-down. | E21: =COUNTIFS(Katalog!$B:$B,A21,Katalog!$Q:$Q,"<>Ishlamaydi*")+COUNTIFS(Katalog!$C:$C,"*"&A21&"*",Katalog!$Q:$Q,"<>Ishlamaydi*") -> 1 | H21: =IF(G21<>"","Takroriy",IF(E21=0,"Yetishmaydi",IF(F21="ha","Qisman to‘ldirilgan","Mavjud, lekin tekshirilmagan"))) -> Mavjud, lekin tekshirilmagan
A22: 01.04.03 | B22: I. ULTRATOVUSH FIZIKASI VA APPARAT BILAN ISHLASH | C22: 4-bob. Ultratovush artefaktlari | D22: 4.3. Ko‘zgu artefakti va refraksiya. | E22: =COUNTIFS(Katalog!$B:$B,A22,Katalog!$Q:$Q,"<>Ishlamaydi*")+COUNTIFS(Katalog!$C:$C,"*"&A22&"*",Katalog!$Q:$Q,"<>Ishlamaydi*") -> 2 | F22: ha | H22: =IF(G22<>"","Takroriy",IF(E22=0,"Yetishmaydi",IF(F22="ha","Qisman to‘ldirilgan","Mavjud, lekin tekshirilmagan"))) -> Qisman to‘ldirilgan
A23: 01.04.04 | B23: I. ULTRATOVUSH FIZIKASI VA APPARAT BILAN ISHLASH | C23: 4-bob. Ultratovush artefaktlari | D23: 4.4. Yon lob, qalin kesim va anizotropiya artefaktlari. | E23: =COUNTIFS(Katalog!$B:$B,A23,Katalog!$Q:$Q,"<>Ishlamaydi*")+COUNTIFS(Katalog!$C:$C,"*"&A23&"*",Katalog!$Q:$Q,"<>Ishlamaydi*") -> 2 | F23: ha | H23: =IF(G23<>"","Takroriy",IF(E23=0,"Yetishmaydi",IF(F23="ha","Qisman to‘ldirilgan","Mavjud, lekin tekshirilmagan"))) -> Qisman to‘ldirilgan
A24: 01.04.05 | B24: I. ULTRATOVUSH FIZIKASI VA APPARAT BILAN ISHLASH | C24: 4-bob. Ultratovush artefaktlari | D24: 4.5. Doppler aliasing va boshqa Doppler artefaktlari. | E24: =COUNTIFS(Katalog!$B:$B,A24,Katalog!$Q:$Q,"<>Ishlamaydi*")+COUNTIFS(Katalog!$C:$C,"*"&A24&"*",Katalog!$Q:$Q,"<>Ishlamaydi*") -> 2 | H24: =IF(G24<>"","Takroriy",IF(E24=0,"Yetishmaydi",IF(F24="ha","Qisman to‘ldirilgan","Mavjud, lekin tekshirilmagan"))) -> Mavjud, lekin tekshirilmagan | I24: Tartib: Doppler artefakti 5-bob (Doppler asoslari)dan oldin keladi; 5-bob oxiriga ko‘chirish taklif etiladi
A25: 01.04.06 | B25: I. ULTRATOVUSH FIZIKASI VA APPARAT BILAN ISHLASH | C25: 4-bob. Ultratovush artefaktlari | D25: 4.6. Artefaktlarni patologiyadan farqlash va diagnostik ahamiyati. | E25: =COUNTIFS(Katalog!$B:$B,A25,Katalog!$Q:$Q,"<>Ishlamaydi*")+COUNTIFS(Katalog!$C:$C,"*"&A25&"*",Katalog!$Q:$Q,"<>Ishlamaydi*") -> 3 | H25: =IF(G25<>"","Takroriy",IF(E25=0,"Yetishmaydi",IF(F25="ha","Qisman to‘ldirilgan","Mavjud, lekin tekshirilmagan"))) -> Mavjud, lekin tekshirilmagan
A26: 01.05.01 | B26: I. ULTRATOVUSH FIZIKASI VA APPARAT BILAN ISHLASH | C26: 5-bob. Doppler ultratovush asoslari | D26: 5.1. Doppler effekti va Doppler tenglamasi. | E26: =COUNTIFS(Katalog!$B:$B,A26,Katalog!$Q:$Q,"<>Ishlamaydi*")+COUNTIFS(Katalog!$C:$C,"*"&A26&"*",Katalog!$Q:$Q,"<>Ishlamaydi*") -> 1 | H26: =IF(G26<>"","Takroriy",IF(E26=0,"Yetishmaydi",IF(F26="ha","Qisman to‘ldirilgan","Mavjud, lekin tekshirilmagan"))) -> Mavjud, lekin tekshirilmagan
A27: 01.05.02 | B27: I. ULTRATOVUSH FIZIKASI VA APPARAT BILAN ISHLASH | C27: 5-bob. Doppler ultratovush asoslari | D27: 5.2. Color Doppler va Power Doppler. | E27: =COUNTIFS(Katalog!$B:$B,A27,Katalog!$Q:$Q,"<>Ishlamaydi*")+COUNTIFS(Katalog!$C:$C,"*"&A27&"*",Katalog!$Q:$Q,"<>Ishlamaydi*") -> 2 | H27: =IF(G27<>"","Takroriy",IF(E27=0,"Yetishmaydi",IF(F27="ha","Qisman to‘ldirilgan","Mavjud, lekin tekshirilmagan"))) -> Mavjud, lekin tekshirilmagan
A28: 01.05.03 | B28: I. ULTRATOVUSH FIZIKASI VA APPARAT BILAN ISHLASH | C28: 5-bob. Doppler ultratovush asoslari | D28: 5.3. Pulsli spektral Doppler va uzluksiz to‘lqinli Doppler. | E28: =COUNTIFS(Katalog!$B:$B,A28,Katalog!$Q:$Q,"<>Ishlamaydi*")+COUNTIFS(Katalog!$C:$C,"*"&A28&"*",Katalog!$Q:$Q,"<>Ishlamaydi*") -> 1 | H28: =IF(G28<>"","Takroriy",IF(E28=0,"Yetishmaydi",IF(F28="ha","Qisman to‘ldirilgan","Mavjud, lekin tekshirilmagan"))) -> Mavjud, lekin tekshirilmagan
A29: 01.05.04 | B29: I. ULTRATOVUSH FIZIKASI VA APPARAT BILAN ISHLASH | C29: 5-bob. Doppler ultratovush asoslari | D29: 5.4. PRF, scale, wall filter, gain va sample volume. | E29: =COUNTIFS(Katalog!$B:$B,A29,Katalog!$Q:$Q,"<>Ishlamaydi*")+COUNTIFS(Katalog!$C:$C,"*"&A29&"*",Katalog!$Q:$Q,"<>Ishlamaydi*") -> 1 | H29: =IF(G29<>"","Takroriy",IF(E29=0,"Yetishmaydi",IF(F29="ha","Qisman to‘ldirilgan","Mavjud, lekin tekshirilmagan"))) -> Mavjud, lekin tekshirilmagan
A30: 01.05.05 | B30: I. ULTRATOVUSH FIZIKASI VA APPARAT BILAN ISHLASH | C30: 5-bob. Doppler ultratovush asoslari | D30: 5.5. Doppler burchagi va burchak korreksiyasi. | E30: =COUNTIFS(Katalog!$B:$B,A30,Katalog!$Q:$Q,"<>Ishlamaydi*")+COUNTIFS(Katalog!$C:$C,"*"&A30&"*",Katalog!$Q:$Q,"<>Ishlamaydi*") -> 1 | F30: ha | H30: =IF(G30<>"","Takroriy",IF(E30=0,"Yetishmaydi",IF(F30="ha","Qisman to‘ldirilgan","Mavjud, lekin tekshirilmagan"))) -> Qisman to‘ldirilgan
A31: 01.05.06 | B31: I. ULTRATOVUSH FIZIKASI VA APPARAT BILAN ISHLASH | C31: 5-bob. Doppler ultratovush asoslari | D31: 5.6. Tezlik, RI, PI va boshqa gemodinamik ko‘rsatkichlar. | E31: =COUNTIFS(Katalog!$B:$B,A31,Katalog!$Q:$Q,"<>Ishlamaydi*")+COUNTIFS(Katalog!$C:$C,"*"&A31&"*",Katalog!$Q:$Q,"<>Ishlamaydi*") -> 3 | H31: =IF(G31<>"","Takroriy",IF(E31=0,"Yetishmaydi",IF(F31="ha","Qisman to‘ldirilgan","Mavjud, lekin tekshirilmagan"))) -> Mavjud, lekin tekshirilmagan
A32: 01.05.07 | B32: I. ULTRATOVUSH FIZIKASI VA APPARAT BILAN ISHLASH | C32: 5-bob. Doppler ultratovush asoslari | D32: 5.7. Past oqimli qon tomirlarini tekshirish va Doppler xatolari. | E32: =COUNTIFS(Katalog!$B:$B,A32,Katalog!$Q:$Q,"<>Ishlamaydi*")+COUNTIFS(Katalog!$C:$C,"*"&A32&"*",Katalog!$Q:$Q,"<>Ishlamaydi*") -> 1 | F32: ha | G32: 01.04.05 bilan qisman takror (Doppler xatolari) | H32: =IF(G32<>"","Takroriy",IF(E32=0,"Yetishmaydi",IF(F32="ha","Qisman to‘ldirilgan","Mavjud, lekin tekshirilmagan"))) -> Takroriy
A33: 01.06.01 | B33: I. ULTRATOVUSH FIZIKASI VA APPARAT BILAN ISHLASH | C33: 6-bob. Biologik xavfsizlik | D33: 6.1. Ultratovushning termal va mexanik bioeffektlari. | E33: =COUNTIFS(Katalog!$B:$B,A33,Katalog!$Q:$Q,"<>Ishlamaydi*")+COUNTIFS(Katalog!$C:$C,"*"&A33&"*",Katalog!$Q:$Q,"<>Ishlamaydi*") -> 1 | H33: =IF(G33<>"","Takroriy",IF(E33=0,"Yetishmaydi",IF(F33="ha","Qisman to‘ldirilgan","Mavjud, lekin tekshirilmagan"))) -> Mavjud, lekin tekshirilmagan
A34: 01.06.02 | B34: I. ULTRATOVUSH FIZIKASI VA APPARAT BILAN ISHLASH | C34: 6-bob. Biologik xavfsizlik | D34: 6.2. Thermal Index (TI) va Mechanical Index (MI). | E34: =COUNTIFS(Katalog!$B:$B,A34,Katalog!$Q:$Q,"<>Ishlamaydi*")+COUNTIFS(Katalog!$C:$C,"*"&A34&"*",Katalog!$Q:$Q,"<>Ishlamaydi*") -> 2 | H34: =IF(G34<>"","Takroriy",IF(E34=0,"Yetishmaydi",IF(F34="ha","Qisman to‘ldirilgan","Mavjud, lekin tekshirilmagan"))) -> Mavjud, lekin tekshirilmagan
A35: 01.06.03 | B35: I. ULTRATOVUSH FIZIKASI VA APPARAT BILAN ISHLASH | C35: 6-bob. Biologik xavfsizlik | D35: 6.3. ALARA tamoyili va tekshiruv davomiyligi. | E35: =COUNTIFS(Katalog!$B:$B,A35,Katalog!$Q:$Q,"<>Ishlamaydi*")+COUNTIFS(Katalog!$C:$C,"*"&A35&"*",Katalog!$Q:$Q,"<>Ishlamaydi*") -> 1 | H35: =IF(G35<>"","Takroriy",IF(E35=0,"Yetishmaydi",IF(F35="ha","Qisman to‘ldirilgan","Mavjud, lekin tekshirilmagan"))) -> Mavjud, lekin tekshirilmagan
A36: 01.06.04 | B36: I. ULTRATOVUSH FIZIKASI VA APPARAT BILAN ISHLASH | C36: 6-bob. Biologik xavfsizlik | D36: 6.4. Homiladorlar va bolalarda xavfsiz tekshiruv. | E36: =COUNTIFS(Katalog!$B:$B,A36,Katalog!$Q:$Q,"<>Ishlamaydi*")+COUNTIFS(Katalog!$C:$C,"*"&A36&"*",Katalog!$Q:$Q,"<>Ishlamaydi*") -> 1 | F36: ha | H36: =IF(G36<>"","Takroriy",IF(E36=0,"Yetishmaydi",IF(F36="ha","Qisman to‘ldirilgan","Mavjud, lekin tekshirilmagan"))) -> Qisman to‘ldirilgan
A37: 01.06.05 | B37: I. ULTRATOVUSH FIZIKASI VA APPARAT BILAN ISHLASH | C37: 6-bob. Biologik xavfsizlik | D37: 6.5. Datchik gigiyenasi va infeksiya profilaktikasi. | E37: =COUNTIFS(Katalog!$B:$B,A37,Katalog!$Q:$Q,"<>Ishlamaydi*")+COUNTIFS(Katalog!$C:$C,"*"&A37&"*",Katalog!$Q:$Q,"<>Ishlamaydi*") -> 1 | F37: ha | G37: 01.02.07 bilan takror (datchik gigiyenasi). Bittasida qoldirib, ikkinchisida havola berish taklif etiladi | H37: =IF(G37<>"","Takroriy",IF(E37=0,"Yetishmaydi",IF(F37="ha","Qisman to‘ldirilgan","Mavjud, lekin tekshirilmagan"))) -> Takroriy
A38: 01.06.06 | B38: I. ULTRATOVUSH FIZIKASI VA APPARAT BILAN ISHLASH | C38: 6-bob. Biologik xavfsizlik | D38: 6.6. Kontrastli UZI xavfsizligi va maxsus tayyorgarlik talablari. | E38: =COUNTIFS(Katalog!$B:$B,A38,Katalog!$Q:$Q,"<>Ishlamaydi*")+COUNTIFS(Katalog!$C:$C,"*"&A38&"*",Katalog!$Q:$Q,"<>Ishlamaydi*") -> 1 | F38: ha | H38: =IF(G38<>"","Takroriy",IF(E38=0,"Yetishmaydi",IF(F38="ha","Qisman to‘ldirilgan","Mavjud, lekin tekshirilmagan"))) -> Qisman to‘ldirilgan | I38: Kontrast fizikasi 31-bobda; o‘zaro havola kerak
A39: 02.07.01 | B39: II. TEKSHIRUV METODIKASI VA DIAGNOSTIK TAFAKKUR | C39: 7-bob. Bemorni tekshiruvga tayyorlash | D39: 7.1. Anamnez, klinik savol va yo‘llanmani tahlil qilish. | E39: =COUNTIFS(Katalog!$B:$B,A39,Katalog!$Q:$Q,"<>Ishlamaydi*")+COUNTIFS(Katalog!$C:$C,"*"&A39&"*",Katalog!$Q:$Q,"<>Ishlamaydi*") -> 0 | H39: =IF(G39<>"","Takroriy",IF(E39=0,"Yetishmaydi",IF(F39="ha","Qisman to‘ldirilgan","Mavjud, lekin tekshirilmagan"))) -> Yetishmaydi
A40: 02.07.02 | B40: II. TEKSHIRUV METODIKASI VA DIAGNOSTIK TAFAKKUR | C40: 7-bob. Bemorni tekshiruvga tayyorlash | D40: 7.2. Qorin bo‘shlig‘i tekshiruvi uchun tayyorgarlik. | E40: =COUNTIFS(Katalog!$B:$B,A40,Katalog!$Q:$Q,"<>Ishlamaydi*")+COUNTIFS(Katalog!$C:$C,"*"&A40&"*",Katalog!$Q:$Q,"<>Ishlamaydi*") -> 1 | H40: =IF(G40<>"","Takroriy",IF(E40=0,"Yetishmaydi",IF(F40="ha","Qisman to‘ldirilgan","Mavjud, lekin tekshirilmagan"))) -> Mavjud, lekin tekshirilmagan
A41: 02.07.03 | B41: II. TEKSHIRUV METODIKASI VA DIAGNOSTIK TAFAKKUR | C41: 7-bob. Bemorni tekshiruvga tayyorlash | D41: 7.3. Siydik pufagi va chanoq a’zolariga tayyorgarlik. | E41: =COUNTIFS(Katalog!$B:$B,A41,Katalog!$Q:$Q,"<>Ishlamaydi*")+COUNTIFS(Katalog!$C:$C,"*"&A41&"*",Katalog!$Q:$Q,"<>Ishlamaydi*") -> 2 | H41: =IF(G41<>"","Takroriy",IF(E41=0,"Yetishmaydi",IF(F41="ha","Qisman to‘ldirilgan","Mavjud, lekin tekshirilmagan"))) -> Mavjud, lekin tekshirilmagan
A42: 02.07.04 | B42: II. TEKSHIRUV METODIKASI VA DIAGNOSTIK TAFAKKUR | C42: 7-bob. Bemorni tekshiruvga tayyorlash | D42: 7.4. Transvaginal va transrektal tekshiruvga tayyorgarlik, rozilik va maxfiylik. | E42: =COUNTIFS(Katalog!$B:$B,A42,Katalog!$Q:$Q,"<>Ishlamaydi*")+COUNTIFS(Katalog!$C:$C,"*"&A42&"*",Katalog!$Q:$Q,"<>Ishlamaydi*") -> 3 | H42: =IF(G42<>"","Takroriy",IF(E42=0,"Yetishmaydi",IF(F42="ha","Qisman to‘ldirilgan","Mavjud, lekin tekshirilmagan"))) -> Mavjud, lekin tekshirilmagan
A43: 02.07.05 | B43: II. TEKSHIRUV METODIKASI VA DIAGNOSTIK TAFAKKUR | C43: 7-bob. Bemorni tekshiruvga tayyorlash | D43: 7.5. Bolalar va shoshilinch bemorlarni tekshirish. | E43: =COUNTIFS(Katalog!$B:$B,A43,Katalog!$Q:$Q,"<>Ishlamaydi*")+COUNTIFS(Katalog!$C:$C,"*"&A43&"*",Katalog!$Q:$Q,"<>Ishlamaydi*") -> 2 | H43: =IF(G43<>"","Takroriy",IF(E43=0,"Yetishmaydi",IF(F43="ha","Qisman to‘ldirilgan","Mavjud, lekin tekshirilmagan"))) -> Mavjud, lekin tekshirilmagan
A44: 02.07.06 | B44: II. TEKSHIRUV METODIKASI VA DIAGNOSTIK TAFAKKUR | C44: 7-bob. Bemorni tekshiruvga tayyorlash | D44: 7.6. Tekshiruv cheklovlari va yetarli bo‘lmagan vizualizatsiyani qayd etish. | E44: =COUNTIFS(Katalog!$B:$B,A44,Katalog!$Q:$Q,"<>Ishlamaydi*")+COUNTIFS(Katalog!$C:$C,"*"&A44&"*",Katalog!$Q:$Q,"<>Ishlamaydi*") -> 0 | H44: =IF(G44<>"","Takroriy",IF(E44=0,"Yetishmaydi",IF(F44="ha","Qisman to‘ldirilgan","Mavjud, lekin tekshirilmagan"))) -> Yetishmaydi
A45: 02.08.01 | B45: II. TEKSHIRUV METODIKASI VA DIAGNOSTIK TAFAKKUR | C45: 8-bob. Skanerlash texnikasi va ergonomika | D45: 8.1. Datchikni ushlash, bosimni boshqarish va harakatlantirish. | E45: =COUNTIFS(Katalog!$B:$B,A45,Katalog!$Q:$Q,"<>Ishlamaydi*")+COUNTIFS(Katalog!$C:$C,"*"&A45&"*",Katalog!$Q:$Q,"<>Ishlamaydi*") -> 4 | H45: =IF(G45<>"","Takroriy",IF(E45=0,"Yetishmaydi",IF(F45="ha","Qisman to‘ldirilgan","Mavjud, lekin tekshirilmagan"))) -> Mavjud, lekin tekshirilmagan
A46: 02.08.02 | B46: II. TEKSHIRUV METODIKASI VA DIAGNOSTIK TAFAKKUR | C46: 8-bob. Skanerlash texnikasi va ergonomika | D46: 8.2. Bo‘ylama, ko‘ndalang va qiya tekisliklar. | E46: =COUNTIFS(Katalog!$B:$B,A46,Katalog!$Q:$Q,"<>Ishlamaydi*")+COUNTIFS(Katalog!$C:$C,"*"&A46&"*",Katalog!$Q:$Q,"<>Ishlamaydi*") -> 3 | F46: ha | H46: =IF(G46<>"","Takroriy",IF(E46=0,"Yetishmaydi",IF(F46="ha","Qisman to‘ldirilgan","Mavjud, lekin tekshirilmagan"))) -> Qisman to‘ldirilgan
A47: 02.08.03 | B47: II. TEKSHIRUV METODIKASI VA DIAGNOSTIK TAFAKKUR | C47: 8-bob. Skanerlash texnikasi va ergonomika | D47: 8.3. Anatomik orientatsiya va ekranda tasvirni yo‘naltirish. | E47: =COUNTIFS(Katalog!$B:$B,A47,Katalog!$Q:$Q,"<>Ishlamaydi*")+COUNTIFS(Katalog!$C:$C,"*"&A47&"*",Katalog!$Q:$Q,"<>Ishlamaydi*") -> 3 | H47: =IF(G47<>"","Takroriy",IF(E47=0,"Yetishmaydi",IF(F47="ha","Qisman to‘ldirilgan","Mavjud, lekin tekshirilmagan"))) -> Mavjud, lekin tekshirilmagan
A48: 02.08.04 | B48: II. TEKSHIRUV METODIKASI VA DIAGNOSTIK TAFAKKUR | C48: 8-bob. Skanerlash texnikasi va ergonomika | D48: 8.4. Standart kesimlar va to‘liq tekshiruv protokollari. | E48: =COUNTIFS(Katalog!$B:$B,A48,Katalog!$Q:$Q,"<>Ishlamaydi*")+COUNTIFS(Katalog!$C:$C,"*"&A48&"*",Katalog!$Q:$Q,"<>Ishlamaydi*") -> 1 | H48: =IF(G48<>"","Takroriy",IF(E48=0,"Yetishmaydi",IF(F48="ha","Qisman to‘ldirilgan","Mavjud, lekin tekshirilmagan"))) -> Mavjud, lekin tekshirilmagan
A49: 02.08.05 | B49: II. TEKSHIRUV METODIKASI VA DIAGNOSTIK TAFAKKUR | C49: 8-bob. Skanerlash texnikasi va ergonomika | D49: 8.5. O‘lchash xatolari va takrorlanuvchanlik. | E49: =COUNTIFS(Katalog!$B:$B,A49,Katalog!$Q:$Q,"<>Ishlamaydi*")+COUNTIFS(Katalog!$C:$C,"*"&A49&"*",Katalog!$Q:$Q,"<>Ishlamaydi*") -> 0 | H49: =IF(G49<>"","Takroriy",IF(E49=0,"Yetishmaydi",IF(F49="ha","Qisman to‘ldirilgan","Mavjud, lekin tekshirilmagan"))) -> Yetishmaydi
A50: 02.08.06 | B50: II. TEKSHIRUV METODIKASI VA DIAGNOSTIK TAFAKKUR | C50: 8-bob. Skanerlash texnikasi va ergonomika | D50: 8.6. Sonografist ergonomikasi va kasbiy shikastlanishlarning oldini olish. | E50: =COUNTIFS(Katalog!$B:$B,A50,Katalog!$Q:$Q,"<>Ishlamaydi*")+COUNTIFS(Katalog!$C:$C,"*"&A50&"*",Katalog!$Q:$Q,"<>Ishlamaydi*") -> 3 | H50: =IF(G50<>"","Takroriy",IF(E50=0,"Yetishmaydi",IF(F50="ha","Qisman to‘ldirilgan","Mavjud, lekin tekshirilmagan"))) -> Mavjud, lekin tekshirilmagan
A51: 02.09.01 | B51: II. TEKSHIRUV METODIKASI VA DIAGNOSTIK TAFAKKUR | C51: 9-bob. Sonografik diagnostika va xulosa yozish | D51: 9.1. Normal anatomiyani patologiyadan farqlash. | E51: =COUNTIFS(Katalog!$B:$B,A51,Katalog!$Q:$Q,"<>Ishlamaydi*")+COUNTIFS(Katalog!$C:$C,"*"&A51&"*",Katalog!$Q:$Q,"<>Ishlamaydi*") -> 1 | F51: ha | H51: =IF(G51<>"","Takroriy",IF(E51=0,"Yetishmaydi",IF(F51="ha","Qisman to‘ldirilgan","Mavjud, lekin tekshirilmagan"))) -> Qisman to‘ldirilgan
A52: 02.09.02 | B52: II. TEKSHIRUV METODIKASI VA DIAGNOSTIK TAFAKKUR | C52: 9-bob. Sonografik diagnostika va xulosa yozish | D52: 9.2. O‘lcham, shakl, kontur, echogenlik va qon oqimini tavsiflash. | E52: =COUNTIFS(Katalog!$B:$B,A52,Katalog!$Q:$Q,"<>Ishlamaydi*")+COUNTIFS(Katalog!$C:$C,"*"&A52&"*",Katalog!$Q:$Q,"<>Ishlamaydi*") -> 2 | H52: =IF(G52<>"","Takroriy",IF(E52=0,"Yetishmaydi",IF(F52="ha","Qisman to‘ldirilgan","Mavjud, lekin tekshirilmagan"))) -> Mavjud, lekin tekshirilmagan
A53: 02.09.03 | B53: II. TEKSHIRUV METODIKASI VA DIAGNOSTIK TAFAKKUR | C53: 9-bob. Sonografik diagnostika va xulosa yozish | D53: 9.3. Fokal va diffuz o‘zgarishlarni baholash. | E53: =COUNTIFS(Katalog!$B:$B,A53,Katalog!$Q:$Q,"<>Ishlamaydi*")+COUNTIFS(Katalog!$C:$C,"*"&A53&"*",Katalog!$Q:$Q,"<>Ishlamaydi*") -> 1 | H53: =IF(G53<>"","Takroriy",IF(E53=0,"Yetishmaydi",IF(F53="ha","Qisman to‘ldirilgan","Mavjud, lekin tekshirilmagan"))) -> Mavjud, lekin tekshirilmagan
A54: 02.09.04 | B54: II. TEKSHIRUV METODIKASI VA DIAGNOSTIK TAFAKKUR | C54: 9-bob. Sonografik diagnostika va xulosa yozish | D54: 9.4. Differensial diagnostika va klinik ma’lumotlardan foydalanish. | E54: =COUNTIFS(Katalog!$B:$B,A54,Katalog!$Q:$Q,"<>Ishlamaydi*")+COUNTIFS(Katalog!$C:$C,"*"&A54&"*",Katalog!$Q:$Q,"<>Ishlamaydi*") -> 1 | H54: =IF(G54<>"","Takroriy",IF(E54=0,"Yetishmaydi",IF(F54="ha","Qisman to‘ldirilgan","Mavjud, lekin tekshirilmagan"))) -> Mavjud, lekin tekshirilmagan
A55: 02.09.05 | B55: II. TEKSHIRUV METODIKASI VA DIAGNOSTIK TAFAKKUR | C55: 9-bob. Sonografik diagnostika va xulosa yozish | D55: 9.5. Standart protokol, xulosa va tavsiyalarni shakllantirish. | E55: =COUNTIFS(Katalog!$B:$B,A55,Katalog!$Q:$Q,"<>Ishlamaydi*")+COUNTIFS(Katalog!$C:$C,"*"&A55&"*",Katalog!$Q:$Q,"<>Ishlamaydi*") -> 4 | H55: =IF(G55<>"","Takroriy",IF(E55=0,"Yetishmaydi",IF(F55="ha","Qisman to‘ldirilgan","Mavjud, lekin tekshirilmagan"))) -> Mavjud, lekin tekshirilmagan
A56: 02.09.06 | B56: II. TEKSHIRUV METODIKASI VA DIAGNOSTIK TAFAKKUR | C56: 9-bob. Sonografik diagnostika va xulosa yozish | D56: 9.6. Cheklovlar, tasodifiy topilmalar va shoshilinch belgilar. | E56: =COUNTIFS(Katalog!$B:$B,A56,Katalog!$Q:$Q,"<>Ishlamaydi*")+COUNTIFS(Katalog!$C:$C,"*"&A56&"*",Katalog!$Q:$Q,"<>Ishlamaydi*") -> 0 | H56: =IF(G56<>"","Takroriy",IF(E56=0,"Yetishmaydi",IF(F56="ha","Qisman to‘ldirilgan","Mavjud, lekin tekshirilmagan"))) -> Yetishmaydi
A57: 02.09.07 | B57: II. TEKSHIRUV METODIKASI VA DIAGNOSTIK TAFAKKUR | C57: 9-bob. Sonografik diagnostika va xulosa yozish | D57: 9.7. Tasvirlarni arxivlash, sifat nazorati va klinik kuzatuv. | E57: =COUNTIFS(Katalog!$B:$B,A57,Katalog!$Q:$Q,"<>Ishlamaydi*")+COUNTIFS(Katalog!$C:$C,"*"&A57&"*",Katalog!$Q:$Q,"<>Ishlamaydi*") -> 2 | H57: =IF(G57<>"","Takroriy",IF(E57=0,"Yetishmaydi",IF(F57="ha","Qisman to‘ldirilgan","Mavjud, lekin tekshirilmagan"))) -> Mavjud, lekin tekshirilmagan
A58: 03.10.01 | B58: III. QORIN BO‘SHLIG‘I VA RETROPERITONEAL SOHA | C58: 10-bob. Jigar | D58: 10.1. Jigar segmentlari, normal anatomiyasi va o‘lchamlari. | E58: =COUNTIFS(Katalog!$B:$B,A58,Katalog!$Q:$Q,"<>Ishlamaydi*")+COUNTIFS(Katalog!$C:$C,"*"&A58&"*",Katalog!$Q:$Q,"<>Ishlamaydi*") -> 2 | H58: =IF(G58<>"","Takroriy",IF(E58=0,"Yetishmaydi",IF(F58="ha","Qisman to‘ldirilgan","Mavjud, lekin tekshirilmagan"))) -> Mavjud, lekin tekshirilmagan
A59: 03.10.02 | B59: III. QORIN BO‘SHLIG‘I VA RETROPERITONEAL SOHA | C59: 10-bob. Jigar | D59: 10.2. Jigarni standart tekshirish protokoli. | E59: =COUNTIFS(Katalog!$B:$B,A59,Katalog!$Q:$Q,"<>Ishlamaydi*")+COUNTIFS(Katalog!$C:$C,"*"&A59&"*",Katalog!$Q:$Q,"<>Ishlamaydi*") -> 3 | H59: =IF(G59<>"","Takroriy",IF(E59=0,"Yetishmaydi",IF(F59="ha","Qisman to‘ldirilgan","Mavjud, lekin tekshirilmagan"))) -> Mavjud, lekin tekshirilmagan
A60: 03.10.03 | B60: III. QORIN BO‘SHLIG‘I VA RETROPERITONEAL SOHA | C60: 10-bob. Jigar | D60: 10.3. Diffuz kasalliklar: steatoz, gepatit va sirroz. | E60: =COUNTIFS(Katalog!$B:$B,A60,Katalog!$Q:$Q,"<>Ishlamaydi*")+COUNTIFS(Katalog!$C:$C,"*"&A60&"*",Katalog!$Q:$Q,"<>Ishlamaydi*") -> 3 | H60: =IF(G60<>"","Takroriy",IF(E60=0,"Yetishmaydi",IF(F60="ha","Qisman to‘ldirilgan","Mavjud, lekin tekshirilmagan"))) -> Mavjud, lekin tekshirilmagan
A61: 03.10.04 | B61: III. QORIN BO‘SHLIG‘I VA RETROPERITONEAL SOHA | C61: 10-bob. Jigar | D61: 10.4. Portal gipertenziya, portal va jigar venalari. | E61: =COUNTIFS(Katalog!$B:$B,A61,Katalog!$Q:$Q,"<>Ishlamaydi*")+COUNTIFS(Katalog!$C:$C,"*"&A61&"*",Katalog!$Q:$Q,"<>Ishlamaydi*") -> 3 | H61: =IF(G61<>"","Takroriy",IF(E61=0,"Yetishmaydi",IF(F61="ha","Qisman to‘ldirilgan","Mavjud, lekin tekshirilmagan"))) -> Mavjud, lekin tekshirilmagan
A62: 03.10.05 | B62: III. QORIN BO‘SHLIG‘I VA RETROPERITONEAL SOHA | C62: 10-bob. Jigar | D62: 10.5. Fokal hosilalar: kista, gemangioma va boshqa benign o‘zgarishlar. | E62: =COUNTIFS(Katalog!$B:$B,A62,Katalog!$Q:$Q,"<>Ishlamaydi*")+COUNTIFS(Katalog!$C:$C,"*"&A62&"*",Katalog!$Q:$Q,"<>Ishlamaydi*") -> 1 | H62: =IF(G62<>"","Takroriy",IF(E62=0,"Yetishmaydi",IF(F62="ha","Qisman to‘ldirilgan","Mavjud, lekin tekshirilmagan"))) -> Mavjud, lekin tekshirilmagan
A63: 03.10.06 | B63: III. QORIN BO‘SHLIG‘I VA RETROPERITONEAL SOHA | C63: 10-bob. Jigar | D63: 10.6. Malign hosilalar, metastazlar va jigar abssessi. | E63: =COUNTIFS(Katalog!$B:$B,A63,Katalog!$Q:$Q,"<>Ishlamaydi*")+COUNTIFS(Katalog!$C:$C,"*"&A63&"*",Katalog!$Q:$Q,"<>Ishlamaydi*") -> 1 | H63: =IF(G63<>"","Takroriy",IF(E63=0,"Yetishmaydi",IF(F63="ha","Qisman to‘ldirilgan","Mavjud, lekin tekshirilmagan"))) -> Mavjud, lekin tekshirilmagan | I63: Taklif: US LI-RADS (xavf guruhida skrining) qo‘shish
A64: 03.10.07 | B64: III. QORIN BO‘SHLIG‘I VA RETROPERITONEAL SOHA | C64: 10-bob. Jigar | D64: 10.7. Jigar elastografiyasi: ko‘rsatmalar, texnika va cheklovlar. | E64: =COUNTIFS(Katalog!$B:$B,A64,Katalog!$Q:$Q,"<>Ishlamaydi*")+COUNTIFS(Katalog!$C:$C,"*"&A64&"*",Katalog!$Q:$Q,"<>Ishlamaydi*") -> 2 | H64: =IF(G64<>"","Takroriy",IF(E64=0,"Yetishmaydi",IF(F64="ha","Qisman to‘ldirilgan","Mavjud, lekin tekshirilmagan"))) -> Mavjud, lekin tekshirilmagan
A65: 03.10.08 | B65: III. QORIN BO‘SHLIG‘I VA RETROPERITONEAL SOHA | C65: 10-bob. Jigar | D65: 10.8. Jigar transplantatini tekshirish. | E65: =COUNTIFS(Katalog!$B:$B,A65,Katalog!$Q:$Q,"<>Ishlamaydi*")+COUNTIFS(Katalog!$C:$C,"*"&A65&"*",Katalog!$Q:$Q,"<>Ishlamaydi*") -> 2 | H65: =IF(G65<>"","Takroriy",IF(E65=0,"Yetishmaydi",IF(F65="ha","Qisman to‘ldirilgan","Mavjud, lekin tekshirilmagan"))) -> Mavjud, lekin tekshirilmagan
A66: 03.10.09 | B66: III. QORIN BO‘SHLIG‘I VA RETROPERITONEAL SOHA | C66: 10-bob. Jigar | D66: 10.9. Fokal jigar hosilalarida differensial diagnostika. | E66: =COUNTIFS(Katalog!$B:$B,A66,Katalog!$Q:$Q,"<>Ishlamaydi*")+COUNTIFS(Katalog!$C:$C,"*"&A66&"*",Katalog!$Q:$Q,"<>Ishlamaydi*") -> 1 | H66: =IF(G66<>"","Takroriy",IF(E66=0,"Yetishmaydi",IF(F66="ha","Qisman to‘ldirilgan","Mavjud, lekin tekshirilmagan"))) -> Mavjud, lekin tekshirilmagan
A67: 03.11.01 | B67: III. QORIN BO‘SHLIG‘I VA RETROPERITONEAL SOHA | C67: 11-bob. O‘t pufagi va o‘t yo‘llari | D67: 11.1. Normal anatomiya va tekshiruv texnikasi. | E67: =COUNTIFS(Katalog!$B:$B,A67,Katalog!$Q:$Q,"<>Ishlamaydi*")+COUNTIFS(Katalog!$C:$C,"*"&A67&"*",Katalog!$Q:$Q,"<>Ishlamaydi*") -> 1 | H67: =IF(G67<>"","Takroriy",IF(E67=0,"Yetishmaydi",IF(F67="ha","Qisman to‘ldirilgan","Mavjud, lekin tekshirilmagan"))) -> Mavjud, lekin tekshirilmagan
A68: 03.11.02 | B68: III. QORIN BO‘SHLIG‘I VA RETROPERITONEAL SOHA | C68: 11-bob. O‘t pufagi va o‘t yo‘llari | D68: 11.2. Xolelitiaz va xoledoxolitiaz. | E68: =COUNTIFS(Katalog!$B:$B,A68,Katalog!$Q:$Q,"<>Ishlamaydi*")+COUNTIFS(Katalog!$C:$C,"*"&A68&"*",Katalog!$Q:$Q,"<>Ishlamaydi*") -> 2 | H68: =IF(G68<>"","Takroriy",IF(E68=0,"Yetishmaydi",IF(F68="ha","Qisman to‘ldirilgan","Mavjud, lekin tekshirilmagan"))) -> Mavjud, lekin tekshirilmagan
A69: 03.11.03 | B69: III. QORIN BO‘SHLIG‘I VA RETROPERITONEAL SOHA | C69: 11-bob. O‘t pufagi va o‘t yo‘llari | D69: 11.3. O‘tkir va surunkali xoletsistit. | E69: =COUNTIFS(Katalog!$B:$B,A69,Katalog!$Q:$Q,"<>Ishlamaydi*")+COUNTIFS(Katalog!$C:$C,"*"&A69&"*",Katalog!$Q:$Q,"<>Ishlamaydi*") -> 1 | H69: =IF(G69<>"","Takroriy",IF(E69=0,"Yetishmaydi",IF(F69="ha","Qisman to‘ldirilgan","Mavjud, lekin tekshirilmagan"))) -> Mavjud, lekin tekshirilmagan
A70: 03.11.04 | B70: III. QORIN BO‘SHLIG‘I VA RETROPERITONEAL SOHA | C70: 11-bob. O‘t pufagi va o‘t yo‘llari | D70: 11.4. O‘t pufagi poliplari, adenomiomatoz va o‘smalar. | E70: =COUNTIFS(Katalog!$B:$B,A70,Katalog!$Q:$Q,"<>Ishlamaydi*")+COUNTIFS(Katalog!$C:$C,"*"&A70&"*",Katalog!$Q:$Q,"<>Ishlamaydi*") -> 1 | H70: =IF(G70<>"","Takroriy",IF(E70=0,"Yetishmaydi",IF(F70="ha","Qisman to‘ldirilgan","Mavjud, lekin tekshirilmagan"))) -> Mavjud, lekin tekshirilmagan | I70: Taklif: ACR GB-RADS (o‘t pufagi devori) qo‘shish
A71: 03.11.05 | B71: III. QORIN BO‘SHLIG‘I VA RETROPERITONEAL SOHA | C71: 11-bob. O‘t pufagi va o‘t yo‘llari | D71: 11.5. Intrahepatik va ekstrahepatik o‘t yo‘llari kengayishi. | E71: =COUNTIFS(Katalog!$B:$B,A71,Katalog!$Q:$Q,"<>Ishlamaydi*")+COUNTIFS(Katalog!$C:$C,"*"&A71&"*",Katalog!$Q:$Q,"<>Ishlamaydi*") -> 0 | H71: =IF(G71<>"","Takroriy",IF(E71=0,"Yetishmaydi",IF(F71="ha","Qisman to‘ldirilgan","Mavjud, lekin tekshirilmagan"))) -> Yetishmaydi
A72: 03.11.06 | B72: III. QORIN BO‘SHLIG‘I VA RETROPERITONEAL SOHA | C72: 11-bob. O‘t pufagi va o‘t yo‘llari | D72: 11.6. Umumiy o‘t yo‘li (CBD)ni turli kesimlarda topish va tekshirish. | E72: =COUNTIFS(Katalog!$B:$B,A72,Katalog!$Q:$Q,"<>Ishlamaydi*")+COUNTIFS(Katalog!$C:$C,"*"&A72&"*",Katalog!$Q:$Q,"<>Ishlamaydi*") -> 3 | H72: =IF(G72<>"","Takroriy",IF(E72=0,"Yetishmaydi",IF(F72="ha","Qisman to‘ldirilgan","Mavjud, lekin tekshirilmagan"))) -> Mavjud, lekin tekshirilmagan
A73: 03.11.07 | B73: III. QORIN BO‘SHLIG‘I VA RETROPERITONEAL SOHA | C73: 11-bob. O‘t pufagi va o‘t yo‘llari | D73: 11.7. Mexanik sariqlikning sonografik sabablari. | E73: =COUNTIFS(Katalog!$B:$B,A73,Katalog!$Q:$Q,"<>Ishlamaydi*")+COUNTIFS(Katalog!$C:$C,"*"&A73&"*",Katalog!$Q:$Q,"<>Ishlamaydi*") -> 0 | H73: =IF(G73<>"","Takroriy",IF(E73=0,"Yetishmaydi",IF(F73="ha","Qisman to‘ldirilgan","Mavjud, lekin tekshirilmagan"))) -> Yetishmaydi
A74: 03.11.08 | B74: III. QORIN BO‘SHLIG‘I VA RETROPERITONEAL SOHA | C74: 11-bob. O‘t pufagi va o‘t yo‘llari | D74: 11.8. O‘t yo‘llari kasalliklarida differensial diagnostika. | E74: =COUNTIFS(Katalog!$B:$B,A74,Katalog!$Q:$Q,"<>Ishlamaydi*")+COUNTIFS(Katalog!$C:$C,"*"&A74&"*",Katalog!$Q:$Q,"<>Ishlamaydi*") -> 0 | H74: =IF(G74<>"","Takroriy",IF(E74=0,"Yetishmaydi",IF(F74="ha","Qisman to‘ldirilgan","Mavjud, lekin tekshirilmagan"))) -> Yetishmaydi
A75: 03.12.01 | B75: III. QORIN BO‘SHLIG‘I VA RETROPERITONEAL SOHA | C75: 12-bob. Oshqozon osti bezi | D75: 12.1. Normal anatomiya va vizualizatsiya usullari. | E75: =COUNTIFS(Katalog!$B:$B,A75,Katalog!$Q:$Q,"<>Ishlamaydi*")+COUNTIFS(Katalog!$C:$C,"*"&A75&"*",Katalog!$Q:$Q,"<>Ishlamaydi*") -> 2 | F75: ha | H75: =IF(G75<>"","Takroriy",IF(E75=0,"Yetishmaydi",IF(F75="ha","Qisman to‘ldirilgan","Mavjud, lekin tekshirilmagan"))) -> Qisman to‘ldirilgan
A76: 03.12.02 | B76: III. QORIN BO‘SHLIG‘I VA RETROPERITONEAL SOHA | C76: 12-bob. Oshqozon osti bezi | D76: 12.2. O‘tkir va surunkali pankreatit. | E76: =COUNTIFS(Katalog!$B:$B,A76,Katalog!$Q:$Q,"<>Ishlamaydi*")+COUNTIFS(Katalog!$C:$C,"*"&A76&"*",Katalog!$Q:$Q,"<>Ishlamaydi*") -> 2 | H76: =IF(G76<>"","Takroriy",IF(E76=0,"Yetishmaydi",IF(F76="ha","Qisman to‘ldirilgan","Mavjud, lekin tekshirilmagan"))) -> Mavjud, lekin tekshirilmagan
A77: 03.12.03 | B77: III. QORIN BO‘SHLIG‘I VA RETROPERITONEAL SOHA | C77: 12-bob. Oshqozon osti bezi | D77: 12.3. Psevdokista va boshqa suyuqlikli hosilalar. | E77: =COUNTIFS(Katalog!$B:$B,A77,Katalog!$Q:$Q,"<>Ishlamaydi*")+COUNTIFS(Katalog!$C:$C,"*"&A77&"*",Katalog!$Q:$Q,"<>Ishlamaydi*") -> 0 | H77: =IF(G77<>"","Takroriy",IF(E77=0,"Yetishmaydi",IF(F77="ha","Qisman to‘ldirilgan","Mavjud, lekin tekshirilmagan"))) -> Yetishmaydi
A78: 03.12.04 | B78: III. QORIN BO‘SHLIG‘I VA RETROPERITONEAL SOHA | C78: 12-bob. Oshqozon osti bezi | D78: 12.4. Pankreas o‘smalari va kengaygan pankreatik yo‘l. | E78: =COUNTIFS(Katalog!$B:$B,A78,Katalog!$Q:$Q,"<>Ishlamaydi*")+COUNTIFS(Katalog!$C:$C,"*"&A78&"*",Katalog!$Q:$Q,"<>Ishlamaydi*") -> 0 | H78: =IF(G78<>"","Takroriy",IF(E78=0,"Yetishmaydi",IF(F78="ha","Qisman to‘ldirilgan","Mavjud, lekin tekshirilmagan"))) -> Yetishmaydi
A79: 03.12.05 | B79: III. QORIN BO‘SHLIG‘I VA RETROPERITONEAL SOHA | C79: 12-bob. Oshqozon osti bezi | D79: 12.5. Ko‘rish cheklovlari va differensial diagnostika. | E79: =COUNTIFS(Katalog!$B:$B,A79,Katalog!$Q:$Q,"<>Ishlamaydi*")+COUNTIFS(Katalog!$C:$C,"*"&A79&"*",Katalog!$Q:$Q,"<>Ishlamaydi*") -> 0 | H79: =IF(G79<>"","Takroriy",IF(E79=0,"Yetishmaydi",IF(F79="ha","Qisman to‘ldirilgan","Mavjud, lekin tekshirilmagan"))) -> Yetishmaydi
A80: 03.13.01 | B80: III. QORIN BO‘SHLIG‘I VA RETROPERITONEAL SOHA | C80: 13-bob. Taloq | D80: 13.1. Normal anatomiya va o‘lchamlari. | E80: =COUNTIFS(Katalog!$B:$B,A80,Katalog!$Q:$Q,"<>Ishlamaydi*")+COUNTIFS(Katalog!$C:$C,"*"&A80&"*",Katalog!$Q:$Q,"<>Ishlamaydi*") -> 1 | H80: =IF(G80<>"","Takroriy",IF(E80=0,"Yetishmaydi",IF(F80="ha","Qisman to‘ldirilgan","Mavjud, lekin tekshirilmagan"))) -> Mavjud, lekin tekshirilmagan
A81: 03.13.02 | B81: III. QORIN BO‘SHLIG‘I VA RETROPERITONEAL SOHA | C81: 13-bob. Taloq | D81: 13.2. Splenomegaliya va portal gipertenziya bilan bog‘liqligi. | E81: =COUNTIFS(Katalog!$B:$B,A81,Katalog!$Q:$Q,"<>Ishlamaydi*")+COUNTIFS(Katalog!$C:$C,"*"&A81&"*",Katalog!$Q:$Q,"<>Ishlamaydi*") -> 2 | H81: =IF(G81<>"","Takroriy",IF(E81=0,"Yetishmaydi",IF(F81="ha","Qisman to‘ldirilgan","Mavjud, lekin tekshirilmagan"))) -> Mavjud, lekin tekshirilmagan
A82: 03.13.03 | B82: III. QORIN BO‘SHLIG‘I VA RETROPERITONEAL SOHA | C82: 13-bob. Taloq | D82: 13.3. Infarkt, travma va gematoma. | E82: =COUNTIFS(Katalog!$B:$B,A82,Katalog!$Q:$Q,"<>Ishlamaydi*")+COUNTIFS(Katalog!$C:$C,"*"&A82&"*",Katalog!$Q:$Q,"<>Ishlamaydi*") -> 0 | H82: =IF(G82<>"","Takroriy",IF(E82=0,"Yetishmaydi",IF(F82="ha","Qisman to‘ldirilgan","Mavjud, lekin tekshirilmagan"))) -> Yetishmaydi
A83: 03.13.04 | B83: III. QORIN BO‘SHLIG‘I VA RETROPERITONEAL SOHA | C83: 13-bob. Taloq | D83: 13.4. Kistalar, abssesslar va fokal hosilalar. | E83: =COUNTIFS(Katalog!$B:$B,A83,Katalog!$Q:$Q,"<>Ishlamaydi*")+COUNTIFS(Katalog!$C:$C,"*"&A83&"*",Katalog!$Q:$Q,"<>Ishlamaydi*") -> 1 | H83: =IF(G83<>"","Takroriy",IF(E83=0,"Yetishmaydi",IF(F83="ha","Qisman to‘ldirilgan","Mavjud, lekin tekshirilmagan"))) -> Mavjud, lekin tekshirilmagan
A84: 03.14.01 | B84: III. QORIN BO‘SHLIG‘I VA RETROPERITONEAL SOHA | C84: 14-bob. Buyraklar va siydik yo‘llari | D84: 14.1. Buyrak anatomiyasi, o‘lchamlari va normal parenxima. | E84: =COUNTIFS(Katalog!$B:$B,A84,Katalog!$Q:$Q,"<>Ishlamaydi*")+COUNTIFS(Katalog!$C:$C,"*"&A84&"*",Katalog!$Q:$Q,"<>Ishlamaydi*") -> 3 | H84: =IF(G84<>"","Takroriy",IF(E84=0,"Yetishmaydi",IF(F84="ha","Qisman to‘ldirilgan","Mavjud, lekin tekshirilmagan"))) -> Mavjud, lekin tekshirilmagan
A85: 03.14.02 | B85: III. QORIN BO‘SHLIG‘I VA RETROPERITONEAL SOHA | C85: 14-bob. Buyraklar va siydik yo‘llari | D85: 14.2. Buyrak kistalari va Bosniak tasnifining UZI imkoniyatlari hamda cheklovlari. | E85: =COUNTIFS(Katalog!$B:$B,A85,Katalog!$Q:$Q,"<>Ishlamaydi*")+COUNTIFS(Katalog!$C:$C,"*"&A85&"*",Katalog!$Q:$Q,"<>Ishlamaydi*") -> 1 | H85: =IF(G85<>"","Takroriy",IF(E85=0,"Yetishmaydi",IF(F85="ha","Qisman to‘ldirilgan","Mavjud, lekin tekshirilmagan"))) -> Mavjud, lekin tekshirilmagan
A86: 03.14.03 | B86: III. QORIN BO‘SHLIG‘I VA RETROPERITONEAL SOHA | C86: 14-bob. Buyraklar va siydik yo‘llari | D86: 14.3. Nefrolitiaz va gidronefroz. | E86: =COUNTIFS(Katalog!$B:$B,A86,Katalog!$Q:$Q,"<>Ishlamaydi*")+COUNTIFS(Katalog!$C:$C,"*"&A86&"*",Katalog!$Q:$Q,"<>Ishlamaydi*") -> 3 | F86: ha | H86: =IF(G86<>"","Takroriy",IF(E86=0,"Yetishmaydi",IF(F86="ha","Qisman to‘ldirilgan","Mavjud, lekin tekshirilmagan"))) -> Qisman to‘ldirilgan
A87: 03.14.04 | B87: III. QORIN BO‘SHLIG‘I VA RETROPERITONEAL SOHA | C87: 14-bob. Buyraklar va siydik yo‘llari | D87: 14.4. Solid hosilalar va buyrak o‘smalari. | E87: =COUNTIFS(Katalog!$B:$B,A87,Katalog!$Q:$Q,"<>Ishlamaydi*")+COUNTIFS(Katalog!$C:$C,"*"&A87&"*",Katalog!$Q:$Q,"<>Ishlamaydi*") -> 1 | H87: =IF(G87<>"","Takroriy",IF(E87=0,"Yetishmaydi",IF(F87="ha","Qisman to‘ldirilgan","Mavjud, lekin tekshirilmagan"))) -> Mavjud, lekin tekshirilmagan
A88: 03.14.05 | B88: III. QORIN BO‘SHLIG‘I VA RETROPERITONEAL SOHA | C88: 14-bob. Buyraklar va siydik yo‘llari | D88: 14.5. Diffuz parenximatoz o‘zgarishlar. | E88: =COUNTIFS(Katalog!$B:$B,A88,Katalog!$Q:$Q,"<>Ishlamaydi*")+COUNTIFS(Katalog!$C:$C,"*"&A88&"*",Katalog!$Q:$Q,"<>Ishlamaydi*") -> 0 | H88: =IF(G88<>"","Takroriy",IF(E88=0,"Yetishmaydi",IF(F88="ha","Qisman to‘ldirilgan","Mavjud, lekin tekshirilmagan"))) -> Yetishmaydi
A89: 03.14.06 | B89: III. QORIN BO‘SHLIG‘I VA RETROPERITONEAL SOHA | C89: 14-bob. Buyraklar va siydik yo‘llari | D89: 14.6. Buyrak arteriyasi va venasining Doppler tekshiruvi. | E89: =COUNTIFS(Katalog!$B:$B,A89,Katalog!$Q:$Q,"<>Ishlamaydi*")+COUNTIFS(Katalog!$C:$C,"*"&A89&"*",Katalog!$Q:$Q,"<>Ishlamaydi*") -> 1 | H89: =IF(G89<>"","Takroriy",IF(E89=0,"Yetishmaydi",IF(F89="ha","Qisman to‘ldirilgan","Mavjud, lekin tekshirilmagan"))) -> Mavjud, lekin tekshirilmagan
A90: 03.14.07 | B90: III. QORIN BO‘SHLIG‘I VA RETROPERITONEAL SOHA | C90: 14-bob. Buyraklar va siydik yo‘llari | D90: 14.7. Buyrak transplantatini tekshirish. | E90: =COUNTIFS(Katalog!$B:$B,A90,Katalog!$Q:$Q,"<>Ishlamaydi*")+COUNTIFS(Katalog!$C:$C,"*"&A90&"*",Katalog!$Q:$Q,"<>Ishlamaydi*") -> 1 | H90: =IF(G90<>"","Takroriy",IF(E90=0,"Yetishmaydi",IF(F90="ha","Qisman to‘ldirilgan","Mavjud, lekin tekshirilmagan"))) -> Mavjud, lekin tekshirilmagan
A91: 03.14.08 | B91: III. QORIN BO‘SHLIG‘I VA RETROPERITONEAL SOHA | C91: 14-bob. Buyraklar va siydik yo‘llari | D91: 14.8. Siydik pufagi, qoldiq siydik va siydik yo‘llari patologiyalari. | E91: =COUNTIFS(Katalog!$B:$B,A91,Katalog!$Q:$Q,"<>Ishlamaydi*")+COUNTIFS(Katalog!$C:$C,"*"&A91&"*",Katalog!$Q:$Q,"<>Ishlamaydi*") -> 4 | H91: =IF(G91<>"","Takroriy",IF(E91=0,"Yetishmaydi",IF(F91="ha","Qisman to‘ldirilgan","Mavjud, lekin tekshirilmagan"))) -> Mavjud, lekin tekshirilmagan
A92: 03.14.09 | B92: III. QORIN BO‘SHLIG‘I VA RETROPERITONEAL SOHA | C92: 14-bob. Buyraklar va siydik yo‘llari | D92: 14.9. Buyrak usti bezlari va ularning UZI imkoniyatlari. | E92: =COUNTIFS(Katalog!$B:$B,A92,Katalog!$Q:$Q,"<>Ishlamaydi*")+COUNTIFS(Katalog!$C:$C,"*"&A92&"*",Katalog!$Q:$Q,"<>Ishlamaydi*") -> 0 | H92: =IF(G92<>"","Takroriy",IF(E92=0,"Yetishmaydi",IF(F92="ha","Qisman to‘ldirilgan","Mavjud, lekin tekshirilmagan"))) -> Yetishmaydi
A93: 03.15.01 | B93: III. QORIN BO‘SHLIG‘I VA RETROPERITONEAL SOHA | C93: 15-bob. Qorin bo‘shlig‘ining boshqa tuzilmalari | D93: 15.1. Qorin aortasi: diametr, anevrizma va stenoz. | E93: =COUNTIFS(Katalog!$B:$B,A93,Katalog!$Q:$Q,"<>Ishlamaydi*")+COUNTIFS(Katalog!$C:$C,"*"&A93&"*",Katalog!$Q:$Q,"<>Ishlamaydi*") -> 3 | G93: 07.25.07 bilan takror (qorin aortasi) | H93: =IF(G93<>"","Takroriy",IF(E93=0,"Yetishmaydi",IF(F93="ha","Qisman to‘ldirilgan","Mavjud, lekin tekshirilmagan"))) -> Takroriy
A94: 03.15.02 | B94: III. QORIN BO‘SHLIG‘I VA RETROPERITONEAL SOHA | C94: 15-bob. Qorin bo‘shlig‘ining boshqa tuzilmalari | D94: 15.2. Pastki kava vena va uning klinik ahamiyati. | E94: =COUNTIFS(Katalog!$B:$B,A94,Katalog!$Q:$Q,"<>Ishlamaydi*")+COUNTIFS(Katalog!$C:$C,"*"&A94&"*",Katalog!$Q:$Q,"<>Ishlamaydi*") -> 1 | G94: 07.25.07 bilan takror (pastki kava vena) | H94: =IF(G94<>"","Takroriy",IF(E94=0,"Yetishmaydi",IF(F94="ha","Qisman to‘ldirilgan","Mavjud, lekin tekshirilmagan"))) -> Takroriy
A95: 03.15.03 | B95: III. QORIN BO‘SHLIG‘I VA RETROPERITONEAL SOHA | C95: 15-bob. Qorin bo‘shlig‘ining boshqa tuzilmalari | D95: 15.3. Retroperitoneal soha va limfa tugunlari. | E95: =COUNTIFS(Katalog!$B:$B,A95,Katalog!$Q:$Q,"<>Ishlamaydi*")+COUNTIFS(Katalog!$C:$C,"*"&A95&"*",Katalog!$Q:$Q,"<>Ishlamaydi*") -> 0 | H95: =IF(G95<>"","Takroriy",IF(E95=0,"Yetishmaydi",IF(F95="ha","Qisman to‘ldirilgan","Mavjud, lekin tekshirilmagan"))) -> Yetishmaydi
A96: 03.15.04 | B96: III. QORIN BO‘SHLIG‘I VA RETROPERITONEAL SOHA | C96: 15-bob. Qorin bo‘shlig‘ining boshqa tuzilmalari | D96: 15.4. Erkin suyuqlik, peritoneal va mezenterial o‘zgarishlar. | E96: =COUNTIFS(Katalog!$B:$B,A96,Katalog!$Q:$Q,"<>Ishlamaydi*")+COUNTIFS(Katalog!$C:$C,"*"&A96&"*",Katalog!$Q:$Q,"<>Ishlamaydi*") -> 2 | H96: =IF(G96<>"","Takroriy",IF(E96=0,"Yetishmaydi",IF(F96="ha","Qisman to‘ldirilgan","Mavjud, lekin tekshirilmagan"))) -> Mavjud, lekin tekshirilmagan
A97: 03.15.05 | B97: III. QORIN BO‘SHLIG‘I VA RETROPERITONEAL SOHA | C97: 15-bob. Qorin bo‘shlig‘ining boshqa tuzilmalari | D97: 15.5. Qorin devori churralari va yumshoq to‘qimalar. | E97: =COUNTIFS(Katalog!$B:$B,A97,Katalog!$Q:$Q,"<>Ishlamaydi*")+COUNTIFS(Katalog!$C:$C,"*"&A97&"*",Katalog!$Q:$Q,"<>Ishlamaydi*") -> 0 | H97: =IF(G97<>"","Takroriy",IF(E97=0,"Yetishmaydi",IF(F97="ha","Qisman to‘ldirilgan","Mavjud, lekin tekshirilmagan"))) -> Yetishmaydi
A98: 03.15.06 | B98: III. QORIN BO‘SHLIG‘I VA RETROPERITONEAL SOHA | C98: 15-bob. Qorin bo‘shlig‘ining boshqa tuzilmalari | D98: 15.6. Ichak ultratovushi: devor qatlamlari va harakat. | E98: =COUNTIFS(Katalog!$B:$B,A98,Katalog!$Q:$Q,"<>Ishlamaydi*")+COUNTIFS(Katalog!$C:$C,"*"&A98&"*",Katalog!$Q:$Q,"<>Ishlamaydi*") -> 0 | H98: =IF(G98<>"","Takroriy",IF(E98=0,"Yetishmaydi",IF(F98="ha","Qisman to‘ldirilgan","Mavjud, lekin tekshirilmagan"))) -> Yetishmaydi
A99: 03.15.07 | B99: III. QORIN BO‘SHLIG‘I VA RETROPERITONEAL SOHA | C99: 15-bob. Qorin bo‘shlig‘ining boshqa tuzilmalari | D99: 15.7. Appenditsit, ichak tutilishi va ichak yallig‘lanishlari. | E99: =COUNTIFS(Katalog!$B:$B,A99,Katalog!$Q:$Q,"<>Ishlamaydi*")+COUNTIFS(Katalog!$C:$C,"*"&A99&"*",Katalog!$Q:$Q,"<>Ishlamaydi*") -> 2 | H99: =IF(G99<>"","Takroriy",IF(E99=0,"Yetishmaydi",IF(F99="ha","Qisman to‘ldirilgan","Mavjud, lekin tekshirilmagan"))) -> Mavjud, lekin tekshirilmagan
A100: 03.15.08 | B100: III. QORIN BO‘SHLIG‘I VA RETROPERITONEAL SOHA | C100: 15-bob. Qorin bo‘shlig‘ining boshqa tuzilmalari | D100: 15.8. Oshqozon-ichak UZI: imkoniyatlar, cheklovlar va qo‘shimcha tekshiruv zarurati. | E100: =COUNTIFS(Katalog!$B:$B,A100,Katalog!$Q:$Q,"<>Ishlamaydi*")+COUNTIFS(Katalog!$C:$C,"*"&A100&"*",Katalog!$Q:$Q,"<>Ishlamaydi*") -> 0 | H100: =IF(G100<>"","Takroriy",IF(E100=0,"Yetishmaydi",IF(F100="ha","Qisman to‘ldirilgan","Mavjud, lekin tekshirilmagan"))) -> Yetishmaydi
...

Sheet Qidiruv navbati
A1: Kod | B1: Kichik mavzu | C1: Videolar | D1: Holat | E1: Inglizcha qidiruv kalit so‘zlari | F1: Oxirgi qidiruv
A2: 01.01.05 | B2: 1.5. Echogenlik, akustik interfeyslar va tasvir hosil bo‘lishining fizik asoslari. | C2: 1 | D2: Qisman — qo‘shimcha qidiruv kerak | E2: echogenicity acoustic interface image formation ultrasound physics | F2: 2026-10-17
A3: 01.02.03 | B3: 2.3. Datchik chastotasi va tekshiruvga mos datchikni tanlash. | C3: 1 | D3: Qisman — qo‘shimcha qidiruv kerak | E3: choosing ultrasound transducer frequency; probe selection linear curvilinear phased array | F3: 2026-10-17
A4: 01.02.06 | B4: 2.6. Panoramik tasvir, compound imaging, harmonic imaging va speklni kamaytirish. | C4: 1 | D4: Qisman — qo‘shimcha qidiruv kerak | E4: spatial compound imaging ultrasound; panoramic extended field of view ultrasound; speckle reduction | F4: 2026-10-17
A5: 01.02.07 | B5: 2.7. Datchiklarni tozalash, dezinfeksiya va infeksiya nazorati. | C5: 2 | D5: Qisman — qo‘shimcha qidiruv kerak | E5: transducer reprocessing high level disinfection endocavity probe guideline | F5: 2026-10-17
A6: 01.03.04 | B6: 3.4. Zoom, cine-loop, o‘lchash va tasvirni saqlash. | C6: 1 | D6: Qisman — qo‘shimcha qidiruv kerak | E6: ultrasound cine loop zoom measurement calipers image storage | F6: 2026-10-17
A7: 01.03.05 | B7: 3.5. Turli a’zolar uchun boshlang‘ich sozlamalar. | C7: 0 | D7: Qayta qidirish kerak | E7: ultrasound presets abdominal obstetric small parts; knobology presets | F7: 2026-10-17
A8: 01.04.03 | B8: 4.3. Ko‘zgu artefakti va refraksiya. | C8: 2 | D8: Qisman — qo‘shimcha qidiruv kerak | E8: mirror image artifact ultrasound; refraction artifact; edge shadowing | F8: 2026-10-17
A9: 01.04.04 | B9: 4.4. Yon lob, qalin kesim va anizotropiya artefaktlari. | C9: 2 | D9: Qisman — qo‘shimcha qidiruv kerak | E9: side lobe artifact; slice thickness artifact; anisotropy tendon ultrasound | F9: 2026-10-17
A10: 01.05.05 | B10: 5.5. Doppler burchagi va burchak korreksiyasi. | C10: 1 | D10: Qisman — qo‘shimcha qidiruv kerak | E10: Doppler angle correction 60 degrees; insonation angle velocity error | F10: 2026-10-17
A11: 01.05.07 | B11: 5.7. Past oqimli qon tomirlarini tekshirish va Doppler xatolari. | C11: 1 | D11: Qisman — qo‘shimcha qidiruv kerak
A12: 01.06.04 | B12: 6.4. Homiladorlar va bolalarda xavfsiz tekshiruv. | C12: 1 | D12: Qisman — qo‘shimcha qidiruv kerak | E12: ultrasound safety pregnancy ALARA obstetric thermal index; neonatal ultrasound safety | F12: 2026-10-17
A13: 01.06.05 | B13: 6.5. Datchik gigiyenasi va infeksiya profilaktikasi. | C13: 1 | D13: Qisman — qo‘shimcha qidiruv kerak
A14: 01.06.06 | B14: 6.6. Kontrastli UZI xavfsizligi va maxsus tayyorgarlik talablari. | C14: 1 | D14: Qisman — qo‘shimcha qidiruv kerak | E14: contrast enhanced ultrasound safety microbubble contraindications | F14: 2026-10-17
A15: 02.07.01 | B15: 7.1. Anamnez, klinik savol va yo‘llanmani tahlil qilish. | C15: 0 | D15: Qayta qidirish kerak | E15: clinical question ultrasound request; patient history before ultrasound; referral | F15: 2026-10-17
A16: 02.07.06 | B16: 7.6. Tekshiruv cheklovlari va yetarli bo‘lmagan vizualizatsiyani qayd etish. | C16: 0 | D16: Qayta qidirish kerak | E16: limited ultrasound exam documentation suboptimal visualization reporting limitations | F16: 2026-10-17
A17: 02.08.02 | B17: 8.2. Bo‘ylama, ko‘ndalang va qiya tekisliklar. | C17: 3 | D17: Qisman — qo‘shimcha qidiruv kerak | E17: longitudinal transverse oblique ultrasound planes; sagittal coronal scanning planes | F17: 2026-10-17
A18: 02.08.05 | B18: 8.5. O‘lchash xatolari va takrorlanuvchanlik. | C18: 0 | D18: Qayta qidirish kerak | E18: ultrasound measurement error calipers; interobserver variability sonography | F18: 2026-10-17
A19: 02.09.01 | B19: 9.1. Normal anatomiyani patologiyadan farqlash. | C19: 1 | D19: Qisman — qo‘shimcha qidiruv kerak | E19: normal versus abnormal ultrasound images approach | F19: 2026-10-17
A20: 02.09.06 | B20: 9.6. Cheklovlar, tasodifiy topilmalar va shoshilinch belgilar. | C20: 0 | D20: Qayta qidirish kerak | E20: incidental findings ultrasound; critical results communication radiology; urgent ultrasound findings | F20: 2026-10-17
A21: 03.11.05 | B21: 11.5. Intrahepatik va ekstrahepatik o‘t yo‘llari kengayishi. | C21: 0 | D21: Qayta qidirish kerak | E21: biliary dilatation ultrasound intrahepatic extrahepatic ducts; double duct sign | F21: 2026-10-17
A22: 03.11.07 | B22: 11.7. Mexanik sariqlikning sonografik sabablari. | C22: 0 | D22: Qayta qidirish kerak | E22: obstructive jaundice ultrasound causes choledocholithiasis cholangiocarcinoma | F22: 2026-10-17
A23: 03.11.08 | B23: 11.8. O‘t yo‘llari kasalliklarida differensial diagnostika. | C23: 0 | D23: Qayta qidirish kerak | E23: biliary disease differential diagnosis ultrasound; cholangitis; Mirizzi syndrome | F23: 2026-10-17
A24: 03.12.01 | B24: 12.1. Normal anatomiya va vizualizatsiya usullari. | C24: 2 | D24: Qisman — qo‘shimcha qidiruv kerak | E24: pancreas ultrasound anatomy landmarks splenic vein; how to see pancreas | F24: 2026-10-17
A25: 03.12.03 | B25: 12.3. Psevdokista va boshqa suyuqlikli hosilalar. | C25: 0 | D25: Qayta qidirish kerak | E25: pancreatic pseudocyst ultrasound; walled-off necrosis; pancreatic cystic lesions | F25: 2026-10-17
... A140: 09.27.10 | B140: 27.10. Yoshga bog‘liq normal o‘lchamlar va pediatrik xavfsizlik. | C140: 0 | D140: Qayta qidirish kerak | E140: pediatric ultrasound normal values organ size children | F140: 2026-10-17
A142: Bo‘limlar holati
A143: Bo‘lim | B143: Holat | C143: Izoh
A144: I. ULTRATOVUSH FIZIKASI VA APPARAT BILAN ISHLASH | B144: Ishlangan, yakunlanmagan | C144: Qisman mavzular qayta qidiruv navbatida
A145: II. TEKSHIRUV METODIKASI VA DIAGNOSTIK TAFAKKUR | B145: Ishlangan, yakunlanmagan | C145: Ochiq mavzular qayta qidiruv navbatida
A146: III. QORIN BO‘SHLIG‘I VA RETROPERITONEAL SOHA | B146: Ishlangan, yakunlanmagan | C146: Ochiq mavzular navbatda; ChatGPT 1-partiyasi qo‘shilgan
A147: IV. CHANOQ A’ZOLARI VA UROLOGIYA | B147: Ishlangan, yakunlanmagan | C147: Birinchi qidiruv 2026-10-17; natijalar videolar ko‘rilmaguncha tasdiqlanmagan
A148: V. AKUSHERLIK VA PERINATOLOGIYA | B148: Ishlangan, yakunlanmagan | C148: Birinchi qidiruv 2026-10-17; ochiq mavzular navbatda, boshqa tildagi zaxira bor
A149: VI. QALQONSIMON BEZ, SUT BEZI VA YUZAKI TUZILMALAR | B149: Ishlangan, yakunlanmagan | C149: Birinchi qidiruv 2026-10-17; sut bezi darslarining ko‘pi yopiq — qayta qidirish kerak
A150: VII. QON TOMIRLAR VA GEMODINAMIKA | B150: Ishlangan, yakunlanmagan | C150: Birinchi qidiruv 2026-10-17
A151: VIII. ECHOKARDIOGRAFIYA | B151: Ishlangan, yakunlanmagan | C151: Birinchi qidiruv 2026-10-17
A152: IX. PEDIATRIK ULTRATOVUSH | B152: Ishlangan, yakunlanmagan | C152: Birinchi qidiruv 2026-10-17; invaginatsiya va yoshga xos me’yorlar ochiq
A153: X. MUSKUL-SKELET VA YUMSHOQ TO‘QIMALAR | B153: Navbatda | C153: Hali ishlanmagan; ilova katalogi v1 darslari bor bo‘lishi mumkin
A154: XI. SHOSHILINCH UZI VA POCUS | B154: Navbatda | C154: Hali ishlanmagan; ilova katalogi v1 darslari bor bo‘lishi mumkin
... A156: XIII. SIFAT, RAQAMLI ISH JARAYONI VA KASBIY RIVOJLANISH | B156: Navbatda | C156: Hali ishlanmagan; ilova katalogi v1 darslari bor bo‘lishi mumkin

Sheet Boshqa til zaxirasi
A1: Kod | B1: YouTube URL | C1: Sarlavha | D1: Kanal | E1: Til | F1: Holat
A2: 04.16.09 | B2: https://www.youtube.com/watch?v=GgEFNTCF3hE | C2: Ultrassonografia na avaliação do DIU | D2: DrPixel - UNICAMP | E2: Portugal | F2: Havola tekshirilgan (oEmbed); oxirida to‘ldirish uchun zaxira, subtitr alohida tarjima qilinadi
A3: 04.17.05 | B3: https://www.youtube.com/watch?v=oUO9OtDKkIo | C3: Masas testiculares por ecografía. | D3: RadioLili - Radiología e Imágenes | E3: Ispan | F3: Havola tekshirilgan (oEmbed); oxirida to‘ldirish uchun zaxira, subtitr alohida tarjima qilinadi
A4: 05.19.01 | B4: https://www.youtube.com/watch?v=EHNIZ5YyVgw | C4: [GUIA ISUOG] Ecografía del primer trimestre del embarazo. | PARTE 2 | (AUDIO REMASTERIZADO) | D4: Pedro VargasMD | E4: Ispan | F4: Havola tekshirilgan (oEmbed); oxirida to‘ldirish uchun zaxira, subtitr alohida tarjima qilinadi
A5: 05.19.01 | B5: https://www.youtube.com/watch?v=oQkzUPrnVt8 | C5: Il Primo Trimestre: l'ecografia a 11-14 settimane - G. Grisolia | D5: Medicalchannel | E5: Italyan | F5: Havola tekshirilgan (oEmbed); oxirida to‘ldirish uchun zaxira, subtitr alohida tarjima qilinadi
A6: 05.20.11 | B6: https://www.youtube.com/watch?v=mS5n2wNjuDs | C6: SGA und fetale Wachstumsrestriktion – Diagnostik, Überwachung und Geburtsplanung | D6: Gynther | E6: Nemis | F6: Havola tekshirilgan (oEmbed); oxirida to‘ldirish uchun zaxira, subtitr alohida tarjima qilinadi
A7: 05.21.05 | B7: https://www.youtube.com/watch?v=yGlP6mraFsI | C7: ECO DOPPLER EN OBSTETRICIA: HIPOXIA, ARTERIAS UTERINAS, ANEMIA FETAL... | D7: aulaginecologia | E7: Ispan | F7: Havola tekshirilgan (oEmbed); oxirida to‘ldirish uchun zaxira, subtitr alohida tarjima qilinadi
A8: 05.21.03 | B8: https://www.youtube.com/watch?v=1RNmygm6Crs | C8: Medicina Fetal: Obtención de la onda de velocidad de flujo Doppler de la arteria cerebral media. | D8: Hector Quiroga | E8: Ispan | F8: Havola tekshirilgan (oEmbed); oxirida to‘ldirish uchun zaxira, subtitr alohida tarjima qilinadi
A9: 05.20.05 | B9: https://www.youtube.com/watch?v=G-LbrNbOd-Y | C9: ISUOG Guidelines: Fetal Heart Evaluation in the Second Trimester | D9: Ecocardiografía Fetal Dr. Montaño | E9: Noma’lum (nomi inglizcha, kanal ispancha) | F9: Havola tekshirilgan (oEmbed); oxirida to‘ldirish uchun zaxira, subtitr alohida tarjima qilinadi
A10: 06.22.07 | B10: https://www.youtube.com/watch?v=QiS7Xxya_2U | C10: FINE NEEDLE ASPIRATION OF THE THYROID | D10: Varisson Girişimsel Radyoloji | E10: Noma’lum (nomi inglizcha, kanal turkcha) | F10: Havola tekshirilgan (oEmbed); oxirida to‘ldirish uchun zaxira, subtitr alohida tarjima qilinadi

Sheet Katalog
A1: Video ID | B1: Asosiy kod | C1: Qo‘shimcha kodlar | D1: Kichik mavzu (asosiy kod) | E1: Video nomi | F1: YouTube URL | G1: Muallif / tashkilot | H1: Manba turi | I1: Davomiylik | J1: Nashr sanasi | K1: Asl tili | L1: O‘quv darajasi | M1: Nazariy / amaliy | N1: Subtitr (mavjudligi, turi) | O1: Dual Replay mosligi | P1: Tekshirilgan sana | Q1: Tekshiruv holati | R1: Mavzuga moslik | S1: Tibbiy ishonchlilik | T1: Amaliy demonstratsiya | U1: Tushuntirish sifati | V1: O‘quv darajasi (ball) | W1: Vizual aniqlik | X1: Jami (30) | Y1: Izoh
A2: V001 | B2: 03.10.01 | C2: 03.10.02 | D2: =IFERROR(INDEX(Mundarija!$D:$D,MATCH(B2,Mundarija!$A:$A,0)),"kod topilmadi") -> 10.1. Jigar segmentlari, normal anatomiyasi va o‘lchamlari. | E2: Liver: Anatomy, Physiology & Normal Ultrasound :: Unit 3 :: Abdominal Ultrasound with Sononerds | F2: https://www.youtube.com/watch?v=x6hXhLNc-jU | G2: Sononerds | H2: Ta’lim kanali (sonografiya kolleji kursi) | I2: 2:05:06 | J2: tekshirilmadi | K2: Ingliz | L2: Boshlang‘ich | M2: Nazariy + amaliy | N2: Tekshirilmagan | O2: Ingliz subtitri bo‘lsa mos (tekshirilmagan) | P2: 2026-10-17 | Q2: Havola tekshirilgan (oEmbed, GitHub serveri) | X2: =IF(COUNT(R2:W2)=6,SUM(R2:W2),"ko‘rilmagan") -> ko‘rilmagan | Y2: Ilovada: Qorin bo‘shlig‘i a’zolari → Jigar: anatomiya va segmentlar
A3: V002 | B3: 03.10.01 | D3: =IFERROR(INDEX(Mundarija!$D:$D,MATCH(B3,Mundarija!$A:$A,0)),"kod topilmadi") -> 10.1. Jigar segmentlari, normal anatomiyasi va o‘lchamlari. | E3: Ultrasound Couinaud's Liver Segments | F3: https://www.youtube.com/watch?v=JSUsM8aN1XU | G3: Sonographic Tendencies | H3: Ta’lim kanali (sonografist) | I3: 10:22 | J3: 2019-12-30 | K3: Ingliz | L3: Boshlang‘ich | M3: Amaliy | N3: Tekshirilmagan | O3: Ingliz subtitri bo‘lsa mos (tekshirilmagan) | P3: 2026-10-17 | Q3: Havola tekshirilgan (oEmbed, GitHub serveri) | X3: =IF(COUNT(R3:W3)=6,SUM(R3:W3),"ko‘rilmagan") -> ko‘rilmagan | Y3: Ilovada: Qorin bo‘shlig‘i a’zolari → Jigar: anatomiya va segmentlar
A4: V003 | B4: 03.10.02 | D4: =IFERROR(INDEX(Mundarija!$D:$D,MATCH(B4,Mundarija!$A:$A,0)),"kod topilmadi") -> 10.2. Jigarni standart tekshirish protokoli. | E4: Liver Ultrasound Protocol | F4: https://www.youtube.com/watch?v=GvvGZENUvWc | G4: Sonographic Tendencies | H4: Ta’lim kanali (sonografist) | I4: 7:26 | J4: 2017-10-08 | K4: Ingliz | L4: Boshlang‘ich | M4: Amaliy | N4: Tekshirilmagan | O4: Ingliz subtitri bo‘lsa mos (tekshirilmagan) | P4: 2026-10-17 | Q4: Havola tekshirilgan (oEmbed, GitHub serveri) | X4: =IF(COUNT(R4:W4)=6,SUM(R4:W4),"ko‘rilmagan") -> ko‘rilmagan | Y4: Ilovada: Qorin bo‘shlig‘i a’zolari → Jigar: tekshirish texnikasi
A5: V004 | B5: 03.11.06 | D5: =IFERROR(INDEX(Mundarija!$D:$D,MATCH(B5,Mundarija!$A:$A,0)),"kod topilmadi") -> 11.6. Umumiy o‘t yo‘li (CBD)ni turli kesimlarda topish va tekshirish. | E5: Hot Tips - Locating the Common Bile Duct with Ultrasound | F5: https://www.youtube.com/watch?v=U50O8_fsemY | G5: Gulfcoast Ultrasound Institute (Theresa Jorgensen) | H5: Ta’lim markazi | I5: 3:32 | J5: tekshirilmadi | K5: Ingliz | L5: O‘rta | M5: Amaliy | N5: Tekshirilmagan | O5: Ingliz subtitri bo‘lsa mos (tekshirilmagan) | P5: 2026-10-17 | Q5: Havola tekshirilgan (oEmbed, GitHub serveri) | X5: =IF(COUNT(R5:W5)=6,SUM(R5:W5),"ko‘rilmagan") -> ko‘rilmagan | Y5: Ilovada: Qorin bo‘shlig‘i a’zolari → O‘t pufagi va o‘t yo‘llari: anatomiya
A6: V005 | B6: 03.10.07 | C6: 12.30.06 | D6: =IFERROR(INDEX(Mundarija!$D:$D,MATCH(B6,Mundarija!$A:$A,0)),"kod topilmadi") -> 10.7. Jigar elastografiyasi: ko‘rsatmalar, texnika va cheklovlar. | E6: Ultrasound Elastography for Liver Fibrosis | F6: https://www.youtube.com/watch?v=eoze_8nUjfA | G6: Michigan Medicine | H6: Ta’lim kanali | I6: tekshirilmadi | J6: tekshirilmadi | K6: Ingliz | L6: O‘rta–ilg‘or | M6: Nazariy | N6: Tekshirilmagan | O6: Ingliz subtitri bo‘lsa mos (tekshirilmagan) | P6: 2026-10-17 | Q6: Havola tekshirilgan (oEmbed, GitHub serveri) | X6: =IF(COUNT(R6:W6)=6,SUM(R6:W6),"ko‘rilmagan") -> ko‘rilmagan | Y6: Faqat qidiruv natijasidan; kanal va mazmun tekshirilmagan; Ilovada: Qorin bo‘shlig‘i a’zolari → Jigar: elastografiya
A7: V006 | B7: 02.08.02 | C7: 01.02.02; 01.03.01; 02.08.03 | D7: =IFERROR(INDEX(Mundarija!$D:$D,MATCH(B7,Mundarija!$A:$A,0)),"kod topilmadi") -> 8.2. Bo‘ylama, ko‘ndalang va qiya tekisliklar. | E7: Basic Abdominal Ultrasound Imaging :: Unit 1 :: Normal Abdomen Ultrasound with Sononerds | F7: https://www.youtube.com/watch?v=3pIL7c-8UH8 | G7: Sononerds | H7: Ta’lim kanali (sonografiya kolleji kursi) | I7: 33:42 | J7: tekshirilmadi | K7: Ingliz | L7: Boshlang‘ich | M7: Nazariy | N7: Tekshirilmagan | O7: Ingliz subtitri bo‘lsa mos (tekshirilmagan) | P7: 2026-10-17 | Q7: Havola tekshirilgan (oEmbed, GitHub serveri) | X7: =IF(COUNT(R7:W7)=6,SUM(R7:W7),"ko‘rilmagan") -> ko‘rilmagan | Y7: Ilovada: Ultratovush asoslari: fizika va apparat → Qorin UZI asoslari: tekisliklar, datchik, atamalar
A8: V007 | B8: 03.15.04 | D8: =IFERROR(INDEX(Mundarija!$D:$D,MATCH(B8,Mundarija!$A:$A,0)),"kod topilmadi") -> 15.4. Erkin suyuqlik, peritoneal va mezenterial o‘zgarishlar. | E8: Body Systems & Cavities :: Unit 2 :: Normal Abdominal Ultrasound with Sononerds | F8: https://www.youtube.com/watch?v=luK0ElID9Hs | G8: Sononerds | H8: Ta’lim kanali (sonografiya kolleji kursi) | I8: 33:20 | J8: tekshirilmadi | K8: Ingliz | L8: Boshlang‘ich | M8: Nazariy | N8: Tekshirilmagan | O8: Ingliz subtitri bo‘lsa mos (tekshirilmagan) | P8: 2026-10-17 | Q8: Havola tekshirilgan (oEmbed, GitHub serveri) | X8: =IF(COUNT(R8:W8)=6,SUM(R8:W8),"ko‘rilmagan") -> ko‘rilmagan | Y8: Peritoneum va bo‘shliqlar anatomiyasi; patologiya yo‘q; Ilovada: Qorin bo‘shlig‘i a’zolari → Qorin bo‘shlig‘i anatomiyasi va qorin parda
A9: V008 | B9: 02.08.04 | D9: =IFERROR(INDEX(Mundarija!$D:$D,MATCH(B9,Mundarija!$A:$A,0)),"kod topilmadi") -> 8.4. Standart kesimlar va to‘liq tekshiruv protokollari. | E9: US Abdomen Complete Protocol | F9: https://www.youtube.com/watch?v=xLYBOf2da8s | G9: Sonographic Tendencies | H9: Ta’lim kanali (sonografist) | I9: 12:01 | J9: 2021-03-20 | K9: Ingliz | L9: Boshlang‘ich | M9: Amaliy | N9: Tekshirilmagan | O9: Ingliz subtitri bo‘lsa mos (tekshirilmagan) | P9: 2026-10-17 | Q9: Havola tekshirilgan (oEmbed, GitHub serveri) | X9: =IF(COUNT(R9:W9)=6,SUM(R9:W9),"ko‘rilmagan") -> ko‘rilmagan | Y9: Ilovada: Qorin bo‘shlig‘i a’zolari → To‘liq qorin protokoli
A10: V009 | B10: 03.10.04 | D10: =IFERROR(INDEX(Mundarija!$D:$D,MATCH(B10,Mundarija!$A:$A,0)),"kod topilmadi") -> 10.4. Portal gipertenziya, portal va jigar venalari. | E10: Portal Vein Doppler Protocol | F10: https://www.youtube.com/watch?v=SS-ATlJ9OCk | G10: Sonographic Tendencies | H10: Ta’lim kanali (sonografist) | I10: 12:48 | J10: 2019-12-16 | K10: Ingliz | L10: O‘rta | M10: Amaliy | N10: Tekshirilmagan | O10: Ingliz subtitri bo‘lsa mos (tekshirilmagan) | P10: 2026-10-17 | Q10: Havola tekshirilgan (oEmbed, GitHub serveri) | X10: =IF(COUNT(R10:W10)=6,SUM(R10:W10),"ko‘rilmagan") -> ko‘rilmagan | Y10: Ilovada: Qorin bo‘shlig‘i a’zolari → Darvoza venasi Doppleri
A11: V010 | B11: 03.12.01 | D11: =IFERROR(INDEX(Mundarija!$D:$D,MATCH(B11,Mundarija!$A:$A,0)),"kod topilmadi") -> 12.1. Normal anatomiya va vizualizatsiya usullari. | E11: Pancreas Sonoanatomy | F11: https://www.youtube.com/watch?v=yK_ETT0yZ5Q | G11: Sonographic Tendencies | H11: Ta’lim kanali (sonografist) | I11: 6:44 | J11: 2021-11-25 | K11: Ingliz | L11: Boshlang‘ich | M11: Amaliy | N11: Tekshirilmagan | O11: Ingliz subtitri bo‘lsa mos (tekshirilmagan) | P11: 2026-10-17 | Q11: Havola tekshirilgan (oEmbed, GitHub serveri) | X11: =IF(COUNT(R11:W11)=6,SUM(R11:W11),"ko‘rilmagan") -> ko‘rilmagan | Y11: Ilovada: Qorin bo‘shlig‘i a’zolari → Oshqozon osti bezi: tekshirish texnikasi
A12: V011 | B12: 03.14.01 | D12: =IFERROR(INDEX(Mundarija!$D:$D,MATCH(B12,Mundarija!$A:$A,0)),"kod topilmadi") -> 14.1. Buyrak anatomiyasi, o‘lchamlari va normal parenxima. | E12: Renal Ultrasound Protocol | F12: https://www.youtube.com/watch?v=8JjIbqp5kVI | G12: Sonographic Tendencies | H12: Ta’lim kanali (sonografist) | I12: 15:13 | J12: 2018-02-22 | K12: Ingliz | L12: Boshlang‘ich | M12: Amaliy | N12: Tekshirilmagan | O12: Ingliz subtitri bo‘lsa mos (tekshirilmagan) | P12: 2026-10-17 | Q12: Havola tekshirilgan (oEmbed, GitHub serveri) | X12: =IF(COUNT(R12:W12)=6,SUM(R12:W12),"ko‘rilmagan") -> ko‘rilmagan | Y12: Ilovada: Urologiya → Buyrak: tekshirish texnikasi
A13: V012 | B13: 03.14.03 | C13: 03.14.02; 03.14.04 | D13: =IFERROR(INDEX(Mundarija!$D:$D,MATCH(B13,Mundarija!$A:$A,0)),"kod topilmadi") -> 14.3. Nefrolitiaz va gidronefroz. | E13: Renal Pathology | F13: https://www.youtube.com/watch?v=LsK7ykAjHog | G13: Sonographic Tendencies | H13: Ta’lim kanali (sonografist) | I13: 30:35 | J13: tekshirilmadi | K13: Ingliz | L13: O‘rta | M13: Amaliy | N13: Tekshirilmagan | O13: Ingliz subtitri bo‘lsa mos (tekshirilmagan) | P13: 2026-10-17 | Q13: Havola tekshirilgan (oEmbed, GitHub serveri) | X13: =IF(COUNT(R13:W13)=6,SUM(R13:W13),"ko‘rilmagan") -> ko‘rilmagan | Y13: Ilovada: Urologiya → Buyrak: patologiya
A14: V013 | B14: 02.09.01 | C14: 03.10.03; 03.11.02; 03.12.02; 03.13.02; 03.14.03 | D14: =IFERROR(INDEX(Mundarija!$D:$D,MATCH(B14,Mundarija!$A:$A,0)),"kod topilmadi") -> 9.1. Normal anatomiyani patologiyadan farqlash. | E14: Abdominal Ultrasound Normal Vs Abnormal Images | Liver, Gallbladder, Pancreas, Kidney, Hernia USG | F14: https://www.youtube.com/watch?v=eSekFP_KIQk | G14: Dr. Sam’s Imaging Library | H14: Ta’lim kanali (tasvirlar to‘plami) | I14: 1:27:13 | J14: tekshirilmadi | K14: Ingliz | L14: O‘rta | M14: Tasvirlar galereyasi | N14: Tekshirilmagan | O14: Ingliz subtitri bo‘lsa mos (tekshirilmagan) | P14: 2026-10-17 | Q14: Havola tekshirilgan (oEmbed, GitHub serveri) | X14: =IF(COUNT(R14:W14)=6,SUM(R14:W14),"ko‘rilmagan") -> ko‘rilmagan | Y14: Takrorlash uchun; har bir patologiya qisqa; Ilovada: Qorin bo‘shlig‘i a’zolari → Normal va patologik tasvirlar (takrorlash)
A15: V014 | B15: 01.01.01 | D15: =IFERROR(INDEX(Mundarija!$D:$D,MATCH(B15,Mundarija!$A:$A,0)),"kod topilmadi") -> 1.1. Tovush va ultratovushning tabiati, chastota, davr, amplituda va to‘lqin uzunligi. | E15: Ultrasound Physics with Sononerds Unit 2 | F15: https://www.youtube.com/watch?v=c6PQzbzJgUg | G15: Sononerds | H15: Ta’lim kanali (sonografiya kolleji kursi, 25 qism) | I15: ~9:42 | J15: 2021-09-06 | K15: Ingliz | L15: Boshlang‘ich | M15: Nazariy | N15: Tekshirilmagan | O15: Ingliz subtitri bo‘lsa mos (tekshirilmagan) | P15: 2026-10-17 | Q15: Havola tekshirilgan (oEmbed, GitHub serveri) | X15: =IF(COUNT(R15:W15)=6,SUM(R15:W15),"ko‘rilmagan") -> ko‘rilmagan | Y15: Tovush to‘lqini, to‘lqin turlari, akustik parametrlar; Ilovada: Ultratovush asoslari: fizika va apparat → Fizika: tovush to‘lqini va parametrlari
A16: V015 | B16: 01.01.01 | D16: =IFERROR(INDEX(Mundarija!$D:$D,MATCH(B16,Mundarija!$A:$A,0)),"kod topilmadi") -> 1.1. Tovush va ultratovushning tabiati, chastota, davr, amplituda va to‘lqin uzunligi. | E16: Ultrasound Physics with Sononerds Unit 3 | F16: https://www.youtube.com/watch?v=UFU9zVAa6WM | G16: Sononerds | H16: Ta’lim kanali (sonografiya kolleji kursi, 25 qism) | I16: ~1:08 | J16: 2021-09-06 | K16: Ingliz | L16: Boshlang‘ich | M16: Nazariy | N16: Tekshirilmagan | O16: Ingliz subtitri bo‘lsa mos (tekshirilmagan) | P16: 2026-10-17 | Q16: Havola tekshirilgan (oEmbed, GitHub serveri) | X16: =IF(COUNT(R16:W16)=6,SUM(R16:W16),"ko‘rilmagan") -> ko‘rilmagan | Y16: Davr, chastota, tezlik, to‘lqin uzunligi, amplituda, quvvat, intensivlik; Ilovada: Ultratovush asoslari: fizika va apparat → Fizika: tovush to‘lqini va parametrlari
A17: V016 | B17: 01.01.01 | D17: =IFERROR(INDEX(Mundarija!$D:$D,MATCH(B17,Mundarija!$A:$A,0)),"kod topilmadi") -> 1.1. Tovush va ultratovushning tabiati, chastota, davr, amplituda va to‘lqin uzunligi. | E17: Ultrasound Physics 1 - Sound as Waves | F17: https://www.youtube.com/watch?v=jv748J0XB-0 | G17: Marc Kohli | H17: Shaxsiy kanal (radiolog) | I17: 2:40 | J17: 2012-06-19 | K17: Ingliz | L17: Boshlang‘ich | M17: Nazariy | N17: Tekshirilmagan | O17: Ingliz subtitri bo‘lsa mos (tekshirilmagan) | P17: 2026-10-17 | Q17: Havola tekshirilgan (oEmbed, GitHub serveri) | X17: =IF(COUNT(R17:W17)=6,SUM(R17:W17),"ko‘rilmagan") -> ko‘rilmagan | Y17: Qisqa kirish; Ilovada: Ultratovush asoslari: fizika va apparat → Fizika: tovush to‘lqini va parametrlari
A18: V017 | B18: 01.01.02 | C18: 01.01.03 | D18: =IFERROR(INDEX(Mundarija!$D:$D,MATCH(B18,Mundarija!$A:$A,0)),"kod topilmadi") -> 1.2. Tovush tezligi, akustik impedans va to‘qimalar chegarasida aks etish. | E18: Ultrasound Physics with Sononerds Unit 6b | F18: https://www.youtube.com/watch?v=htzA4DUZz_s | G18: Sononerds | H18: Ta’lim kanali (sonografiya kolleji kursi, 25 qism) | I18: 58:17 | J18: 2021-09-22 | K18: Ingliz | L18: Boshlang‘ich–o‘rta | M18: Nazariy | N18: Tekshirilmagan | O18: Ingliz subtitri bo‘lsa mos (tekshirilmagan) | P18: 2026-10-17 | Q18: Havola tekshirilgan (oEmbed, GitHub serveri) | X18: =IF(COUNT(R18:W18)=6,SUM(R18:W18),"ko‘rilmagan") -> ko‘rilmagan | Y18: Aks-sado: refleksiya, sochilish, refraksiya, normal va qiya tushish; Ilovada: Ultratovush asoslari: fizika va apparat → Fizika: akustik impedans va aks-sado
A19: V018 | B19: 01.01.02 | D19: =IFERROR(INDEX(Mundarija!$D:$D,MATCH(B19,Mundarija!$A:$A,0)),"kod topilmadi") -> 1.2. Tovush tezligi, akustik impedans va to‘qimalar chegarasida aks etish. | E19: Acoustic Impedance and Reflection Explained | Radiology Ultrasound Physics | F19: https://www.youtube.com/watch?v=-zXuz0mqe_Q | G19: Radiology Tutorials | H19: Ta’lim kanali (radiologiya fizikasi) | I19: tekshirilmadi | J19: 2026-04-22 | K19: Ingliz | L19: Boshlang‘ich | M19: Nazariy | N19: Tekshirilmagan | O19: Ingliz subtitri bo‘lsa mos (tekshirilmagan) | P19: 2026-10-17 | Q19: Havola tekshirilgan (oEmbed, GitHub serveri) | X19: =IF(COUNT(R19:W19)=6,SUM(R19:W19),"ko‘rilmagan") -> ko‘rilmagan | Y19: Ilovada: Ultratovush asoslari: fizika va apparat → Fizika: akustik impedans va aks-sado
A20: V019 | B20: 01.01.03 | C20: 01.01.02 | D20: =IFERROR(INDEX(Mundarija!$D:$D,MATCH(B20,Mundarija!$A:$A,0)),"kod topilmadi") -> 1.3. Refleksiya, refraksiya, sochilish, diffraksiya va absorbsiya. | E20: Ultrasound Physics 2 - Interactions with Tissue | F20: https://www.youtube.com/watch?v=Q1YPZ-04dag | G20: Marc Kohli | H20: Shaxsiy kanal (radiolog) | I20: tekshirilmadi | J20: 2012-06-19 | K20: Ingliz | L20: Boshlang‘ich | M20: Nazariy | N20: Tekshirilmagan | O20: Ingliz subtitri bo‘lsa mos (tekshirilmagan) | P20: 2026-10-17 | Q20: Havola tekshirilgan (oEmbed, GitHub serveri) | X20: =IF(COUNT(R20:W20)=6,SUM(R20:W20),"ko‘rilmagan") -> ko‘rilmagan | Y20: Muallif tavsifida xato tuzatilgan: spekulyar aks silliq yuzada bo‘ladi; Ilovada: Ultratovush asoslari: fizika va apparat → Fizika: akustik impedans va aks-sado
A21: V020 | B21: 01.01.04 | D21: =IFERROR(INDEX(Mundarija!$D:$D,MATCH(B21,Mundarija!$A:$A,0)),"kod topilmadi") -> 1.4. Attenuatsiya, chuqurlik va chastota o‘rtasidagi bog‘liqlik. | E21: Ultrasound Physics with Sononerds Unit 6a | F21: https://www.youtube.com/watch?v=77LZeskg4Eg | G21: Sononerds | H21: Ta’lim kanali (sonografiya kolleji kursi, 25 qism) | I21: >1:26 | J21: 2021-09-20 | K21: Ingliz | L21: O‘rta | M21: Nazariy | N21: Tekshirilmagan | O21: Ingliz subtitri bo‘lsa mos (tekshirilmagan) | P21: 2026-10-17 | Q21: Havola tekshirilgan (oEmbed, GitHub serveri) | X21: =IF(COUNT(R21:W21)=6,SUM(R21:W21),"ko‘rilmagan") -> ko‘rilmagan | Y21: Attenuatsiya, desibellar, yarim qatlam qalinligi; Ilovada: Ultratovush asoslari: fizika va apparat → Fizika: attenuatsiya
A22: V021 | B22: 01.02.05 | C22: 01.01.05 | D22: =IFERROR(INDEX(Mundarija!$D:$D,MATCH(B22,Mundarija!$A:$A,0)),"kod topilmadi") -> 2.5. B-rejim, M-rejim va tasvirni qayta ishlash. | E22: Ultrasound Physics with Sononerds Unit 11 | F22: https://www.youtube.com/watch?v=TSHVXMbS2jM | G22: Sononerds | H22: Ta’lim kanali (sonografiya kolleji kursi, 25 qism) | I22: >14:20 | J22: 2021-10-25 | K22: Ingliz | L22: Boshlang‘ich | M22: Nazariy | N22: Tekshirilmagan | O22: Ingliz subtitri bo‘lsa mos (tekshirilmagan) | P22: 2026-10-17 | Q22: Havola tekshirilgan (oEmbed, GitHub serveri) | X22: =IF(COUNT(R22:W22)=6,SUM(R22:W22),"ko‘rilmagan") -> ko‘rilmagan | Y22: A, B va M rejim; Ilovada: Ultratovush asoslari: fizika va apparat → A, B, M rejimlar va apparat tuzilishi
A23: V022 | B23: 01.02.01 | C23: 01.02.07 | D23: =IFERROR(INDEX(Mundarija!$D:$D,MATCH(B23,Mundarija!$A:$A,0)),"kod topilmadi") -> 2.1. Pyezoelektrik effekt va transduserning ishlash prinsipi. | E23: Ultrasound Physics with Sononerds Unit 8 | F23: https://www.youtube.com/watch?v=HC_tHnNZJ-Q | G23: Sononerds | H23: Ta’lim kanali (sonografiya kolleji kursi, 25 qism) | I23: 48:51 | J23: 2021-09-27 | K23: Ingliz | L23: Boshlang‘ich–o‘rta | M23: Nazariy | N23: Tekshirilmagan | O23: Ingliz subtitri bo‘lsa mos (tekshirilmagan) | P23: 2026-10-17 | Q23: Havola tekshirilgan (oEmbed, GitHub serveri) | X23: =IF(COUNT(R23:W23)=6,SUM(R23:W23),"ko‘rilmagan") -> ko‘rilmagan | Y23: PZT element, moslovchi qatlam, datchikni tozalash (8.5.1); Ilovada: Ultratovush asoslari: fizika va apparat → Datchik: pyezoelement va tuzilishi
A24: V023 | B24: 01.02.02 | C24: 01.02.03 | D24: =IFERROR(INDEX(Mundarija!$D:$D,MATCH(B24,Mundarija!$A:$A,0)),"kod topilmadi") -> 2.2. Konveks, chiziqli, sektor/fazalangan va endokavitar datchiklar. | E24: Ultrasound Physics with Sononerds Unit 12a | F24: https://www.youtube.com/watch?v=QzZEKS1x0l8 | G24: Sononerds | H24: Ta’lim kanali (sonografiya kolleji kursi, 25 qism) | I24: >1:18 | J24: 2021-11-01 | K24: Ingliz | L24: O‘rta | M24: Nazariy | N24: Tekshirilmagan | O24: Ingliz subtitri bo‘lsa mos (tekshirilmagan) | P24: 2026-10-17 | Q24: Havola tekshirilgan (oEmbed, GitHub serveri) | X24: =IF(COUNT(R24:W24)=6,SUM(R24:W24),"ko‘rilmagan") -> ko‘rilmagan | Y24: Massivlar, fokuslash, burish; chiziqli, konveks, fazalangan, 3D datchiklar; Ilovada: Ultratovush asoslari: fizika va apparat → Datchik turlari
A25: V024 | B25: 01.02.02 | D25: =IFERROR(INDEX(Mundarija!$D:$D,MATCH(B25,Mundarija!$A:$A,0)),"kod topilmadi") -> 2.2. Konveks, chiziqli, sektor/fazalangan va endokavitar datchiklar. | E25: Ultrasound Transducers | F25: https://www.youtube.com/watch?v=C0OFM297MlU | G25: Ultrasound Board Review | H25: Imtihonga tayyorlov kanali | I25: tekshirilmadi | J25: 2023-02-24 | K25: Ingliz | L25: Boshlang‘ich | M25: Nazariy | N25: Tekshirilmagan | O25: Ingliz subtitri bo‘lsa mos (tekshirilmagan) | P25: 2026-10-17 | Q25: Ishlamaydi: serverda “video mavjud emas” (2026-10-17) | X25: =IF(COUNT(R25:W25)=6,SUM(R25:W25),"ko‘rilmagan") -> ko‘rilmagan | Y25: Ilovadan olib tashlandi, o‘rniga boshqa dars qo‘yildi
A26: V025 | B26: 01.02.04 | C26: 01.03.02 | D26: =IFERROR(INDEX(Mundarija!$D:$D,MATCH(B26,Mundarija!$A:$A,0)),"kod topilmadi") -> 2.4. Eksenel, lateral va elevatsion rezolyutsiya. | E26: Ultrasound Physics with Sononerds Unit 10 | F26: https://www.youtube.com/watch?v=iLVeRa95WQc | G26: Sononerds | H26: Ta’lim kanali (sonografiya kolleji kursi, 25 qism) | I26: >48:18 | J26: 2021-10-11 | K26: Ingliz | L26: O‘rta | M26: Nazariy | N26: Tekshirilmagan | O26: Ingliz subtitri bo‘lsa mos (tekshirilmagan) | P26: 2026-10-17 | Q26: Havola tekshirilgan (oEmbed, GitHub serveri) | X26: =IF(COUNT(R26:W26)=6,SUM(R26:W26),"ko‘rilmagan") -> ko‘rilmagan | Y26: Aksial va lateral rezolyutsiya, fokuslash; Ilovada: Ultratovush asoslari: fizika va apparat → Rezolyutsiya: aksial, lateral, elevatsion
A27: V026 | B27: 01.02.04 | C27: 01.04.04 | D27: =IFERROR(INDEX(Mundarija!$D:$D,MATCH(B27,Mundarija!$A:$A,0)),"kod topilmadi") -> 2.4. Eksenel, lateral va elevatsion rezolyutsiya. | E27: Ultrasound Physics with Sononerds Unit 12b | F27: https://www.youtube.com/watch?v=0rmwXyPXwhs | G27: Sononerds | H27: Ta’lim kanali (sonografiya kolleji kursi, 25 qism) | I27: 15:59 | J27: 2021-11-06 | K27: Ingliz | L27: O‘rta | M27: Nazariy | N27: Tekshirilmagan | O27: Ingliz subtitri bo‘lsa mos (tekshirilmagan) | P27: 2026-10-17 | Q27: Havola tekshirilgan (oEmbed, GitHub serveri) | X27: =IF(COUNT(R27:W27)=6,SUM(R27:W27),"ko‘rilmagan") -> ko‘rilmagan | Y27: Elevatsion rezolyutsiya, yon loblar; Ilovada: Ultratovush asoslari: fizika va apparat → Rezolyutsiya: aksial, lateral, elevatsion
A28: V027 | B28: 01.02.04 | D28: =IFERROR(INDEX(Mundarija!$D:$D,MATCH(B28,Mundarija!$A:$A,0)),"kod topilmadi") -> 2.4. Eksenel, lateral va elevatsion rezolyutsiya. | E28: Ultrasound Physics with Sononerds Unit 15b | F28: https://www.youtube.com/watch?v=EvZSiMTiePI | G28: Sononerds | H28: Ta’lim kanali (sonografiya kolleji kursi, 25 qism) | I28: tekshirilmadi | J28: 2021-11-15 | K28: Ingliz | L28: O‘rta | M28: Nazariy | N28: Tekshirilmagan | O28: Ingliz subtitri bo‘lsa mos (tekshirilmagan) | P28: 2026-10-17 | Q28: Havola tekshirilgan (oEmbed, GitHub serveri) | X28: =IF(COUNT(R28:W28)=6,SUM(R28:W28),"ko‘rilmagan") -> ko‘rilmagan | Y28: Fazoviy va kontrast rezolyutsiya; Ilovada: Ultratovush asoslari: fizika va apparat → Rezolyutsiya: aksial, lateral, elevatsion
A29: V028 | B29: 01.02.05 | C29: 01.03.04; 13.33.04; 02.09.07 | D29: =IFERROR(INDEX(Mundarija!$D:$D,MATCH(B29,Mundarija!$A:$A,0)),"kod topilmadi") -> 2.5. B-rejim, M-rejim va tasvirni qayta ishlash. | E29: Ultrasound Physics with Sononerds Unit 14 | F29: https://www.youtube.com/watch?v=UYtaDkhVrmQ | G29: Sononerds | H29: Ta’lim kanali (sonografiya kolleji kursi, 25 qism) | I29: 1:15:49 | J29: 2021-11-14 | K29: Ingliz | L29: O‘rta | M29: Nazariy | N29: Tekshirilmagan | O29: Ingliz subtitri bo‘lsa mos (tekshirilmagan) | P29: 2026-10-17 | Q29: Havola tekshirilgan (oEmbed, GitHub serveri) | X29: =IF(COUNT(R29:W29)=6,SUM(R29:W29),"ko‘rilmagan") -> ko‘rilmagan | Y29: Apparat tarkibi: qabul qilgich, kuchaytirish, kompensatsiya, PACS/DICOM; Ilovada: Ultratovush asoslari: fizika va apparat → A, B, M rejimlar va apparat tuzilishi
A30: V029 | B30: 01.03.03 | C30: 01.02.05 | D30: =IFERROR(INDEX(Mundarija!$D:$D,MATCH(B30,Mundarija!$A:$A,0)),"kod topilmadi") -> 3.3. Dynamic range, chastota, frame rate va tasvir tezligi. | E30: Ultrasound Physics with Sononerds Unit 16 | F30: https://www.youtube.com/watch?v=_8R-IiuLM0k | G30: Sononerds | H30: Ta’lim kanali (sonografiya kolleji kursi, 25 qism) | I30: >22:47 | J30: 2021-11-29 | K30: Ingliz | L30: O‘rta | M30: Nazariy | N30: Tekshirilmagan | O30: Ingliz subtitri bo‘lsa mos (tekshirilmagan) | P30: 2026-10-17 | Q30: Havola tekshirilgan (oEmbed, GitHub serveri) | X30: =IF(COUNT(R30:W30)=6,SUM(R30:W30),"ko‘rilmagan") -> ko‘rilmagan | Y30: Kompressiya (dynamic range); Ilovada: Ultratovush asoslari: fizika va apparat → Tasvirni sozlash: kompressiya (dynamic range)
A31: V030 | B31: 01.02.06 | D31: =IFERROR(INDEX(Mundarija!$D:$D,MATCH(B31,Mundarija!$A:$A,0)),"kod topilmadi") -> 2.6. Panoramik tasvir, compound imaging, harmonic imaging va speklni kamaytirish. | E31: Ultrasound Physics with Sononerds Unit 17a | F31: https://www.youtube.com/watch?v=8nS4NYD_LnU | G31: Sononerds | H31: Ta’lim kanali (sonografiya kolleji kursi, 25 qism) | I31: >25:07 | J31: 2021-11-29 | K31: Ingliz | L31: O‘rta | M31: Nazariy | N31: Tekshirilmagan | O31: Ingliz subtitri bo‘lsa mos (tekshirilmagan) | P31: 2026-10-17 | Q31: Havola tekshirilgan (oEmbed, GitHub serveri) | X31: =IF(COUNT(R31:W31)=6,SUM(R31:W31),"ko‘rilmagan") -> ko‘rilmagan | Y31: Garmonik tasvirlash; kompaund va panoramik yo‘q; Ilovada: Ultratovush asoslari: fizika va apparat → Garmonik tasvirlash
A32: V031 | B32: 01.02.07 | C32: 01.06.05 | D32: =IFERROR(INDEX(Mundarija!$D:$D,MATCH(B32,Mundarija!$A:$A,0)),"kod topilmadi") -> 2.7. Datchiklarni tozalash, dezinfeksiya va infeksiya nazorati. | E32: Proper POCUS Cleaning and Disinfection | F32: https://www.youtube.com/watch?v=mKomnw4PEwE | G32: USF Emergency Ultrasound | H32: Universitet (shoshilinch tibbiyot) | I32: 7:39 | J32: 2024-10-13 | K32: Ingliz | L32: Boshlang‘ich | M32: Amaliy | N32: Tekshirilmagan | O32: Ingliz subtitri bo‘lsa mos (tekshirilmagan) | P32: 2026-10-17 | Q32: Havola tekshirilgan (oEmbed, GitHub serveri) | X32: =IF(COUNT(R32:W32)=6,SUM(R32:W32),"ko‘rilmagan") -> ko‘rilmagan | Y32: Endokavitar datchik uchun yuqori darajali dezinfeksiya alohida tekshirilsin; Ilovada: Ultratovush asoslari: fizika va apparat → Datchikni tozalash va dezinfeksiya
A33: V032 | B33: 01.03.01 | D33: =IFERROR(INDEX(Mundarija!$D:$D,MATCH(B33,Mundarija!$A:$A,0)),"kod topilmadi") -> 3.1. Gain va TGC. | E33: Ultrasound 5 - Knobology 1 - Gain | F33: https://www.youtube.com/watch?v=z6n7C_4rHhk | G33: Marc Kohli | H33: Shaxsiy kanal (radiolog) | I33: tekshirilmadi | J33: 2012-06-30 | K33: Ingliz | L33: Boshlang‘ich | M33: Amaliy | N33: Tekshirilmagan | O33: Ingliz subtitri bo‘lsa mos (tekshirilmagan) | P33: 2026-10-17 | Q33: Havola tekshirilgan (oEmbed, GitHub serveri) | X33: =IF(COUNT(R33:W33)=6,SUM(R33:W33),"ko‘rilmagan") -> ko‘rilmagan | Y33: Ilovada: Ultratovush asoslari: fizika va apparat → Tasvirni sozlash: gain va TGC
A34: V033 | B34: 01.03.01 | C34: 01.03.02 | D34: =IFERROR(INDEX(Mundarija!$D:$D,MATCH(B34,Mundarija!$A:$A,0)),"kod topilmadi") -> 3.1. Gain va TGC. | E34: KNOBOLOGY 2: Focus, Gain, Frequency, Depth and Zoom | F34: https://www.youtube.com/watch?v=hMPA6hVPh0A | G34: msksono | H34: Ta’lim kanali (MSK sonografiya) | I34: >3:14 | J34: 2024-12-02 | K34: Ingliz | L34: Boshlang‘ich | M34: Amaliy | N34: Tekshirilmagan | O34: Ingliz subtitri bo‘lsa mos (tekshirilmagan) | P34: 2026-10-17 | Q34: Havola tekshirilgan (oEmbed, GitHub serveri) | X34: =IF(COUNT(R34:W34)=6,SUM(R34:W34),"ko‘rilmagan") -> ko‘rilmagan | Y34: Ilovada: Ultratovush asoslari: fizika va apparat → Tasvirni sozlash: gain va TGC
A35: V034 | B35: 01.03.02 | C35: 01.03.03 | D35: =IFERROR(INDEX(Mundarija!$D:$D,MATCH(B35,Mundarija!$A:$A,0)),"kod topilmadi") -> 3.2. Depth, fokus va ko‘rish maydoni. | E35: Ultrasound 6 - Knobology 2 - Focus, Field of View, Frame Rate | F35: https://www.youtube.com/watch?v=x8suZz5FeuM | G35: Marc Kohli | H35: Shaxsiy kanal (radiolog) | I35: 4:59 | J35: 2012-07-01 | K35: Ingliz | L35: Boshlang‘ich | M35: Amaliy | N35: Tekshirilmagan | O35: Ingliz subtitri bo‘lsa mos (tekshirilmagan) | P35: 2026-10-17 | Q35: Havola tekshirilgan (oEmbed, GitHub serveri) | X35: =IF(COUNT(R35:W35)=6,SUM(R35:W35),"ko‘rilmagan") -> ko‘rilmagan | Y35: Ilovada: Ultratovush asoslari: fizika va apparat → Tasvirni sozlash: chuqurlik, fokus, kadr tezligi
A36: V035 | B36: 01.03.02 | C36: 01.02.04 | D36: =IFERROR(INDEX(Mundarija!$D:$D,MATCH(B36,Mundarija!$A:$A,0)),"kod topilmadi") -> 3.2. Depth, fokus va ko‘rish maydoni. | E36: Ultrasound Physics with Sononerds Unit 9 | F36: https://www.youtube.com/watch?v=AvbdjCMA8OU | G36: Sononerds | H36: Ta’lim kanali (sonografiya kolleji kursi, 25 qism) | I36: >56:13 | J36: 2021-10-03 | K36: Ingliz | L36: O‘rta | M36: Nazariy | N36: Tekshirilmagan | O36: Ingliz subtitri bo‘lsa mos (tekshirilmagan) | P36: 2026-10-17 | Q36: Havola tekshirilgan (oEmbed, GitHub serveri) | X36: =IF(COUNT(R36:W36)=6,SUM(R36:W36),"ko‘rilmagan") -> ko‘rilmagan | Y36: Nur zonalari, fokus, divergensiya; Ilovada: Ultratovush asoslari: fizika va apparat → Ultratovush nuri va fokus
A37: V036 | B37: 01.03.02 | D37: =IFERROR(INDEX(Mundarija!$D:$D,MATCH(B37,Mundarija!$A:$A,0)),"kod topilmadi") -> 3.2. Depth, fokus va ko‘rish maydoni. | E37: Ultrasound Physics 4 - Beam Geometry | F37: https://www.youtube.com/watch?v=imM2qJY_bEI | G37: Marc Kohli | H37: Shaxsiy kanal (radiolog) | I37: tekshirilmadi | J37: 2012-06-30 | K37: Ingliz | L37: Boshlang‘ich | M37: Nazariy | N37: Tekshirilmagan | O37: Ingliz subtitri bo‘lsa mos (tekshirilmagan) | P37: 2026-10-17 | Q37: Havola tekshirilgan (oEmbed, GitHub serveri) | X37: =IF(COUNT(R37:W37)=6,SUM(R37:W37),"ko‘rilmagan") -> ko‘rilmagan | Y37: Ilovada: Ultratovush asoslari: fizika va apparat → Ultratovush nuri va fokus
A38: V037 | B38: 01.03.03 | D38: =IFERROR(INDEX(Mundarija!$D:$D,MATCH(B38,Mundarija!$A:$A,0)),"kod topilmadi") -> 3.3. Dynamic range, chastota, frame rate va tasvir tezligi. | E38: Physics with Sononerds Unit 13 | F38: https://www.youtube.com/watch?v=48m-hcI8i1g | G38: Sononerds | H38: Ta’lim kanali (sonografiya kolleji kursi, 25 qism) | I38: >1:01:35 | J38: 2021-10-26 | K38: Ingliz | L38: O‘rta | M38: Nazariy | N38: Tekshirilmagan | O38: Ingliz subtitri bo‘lsa mos (tekshirilmagan) | P38: 2026-10-17 | Q38: Havola tekshirilgan (oEmbed, GitHub serveri) | X38: =IF(COUNT(R38:W38)=6,SUM(R38:W38),"ko‘rilmagan") -> ko‘rilmagan | Y38: Kadr tezligi, vaqt rezolyutsiyasi; Ilovada: Ultratovush asoslari: fizika va apparat → Tasvirni sozlash: chuqurlik, fokus, kadr tezligi
A39: V038 | B39: 01.03.06 | C39: 13.33.06; 02.09.07 | D39: =IFERROR(INDEX(Mundarija!$D:$D,MATCH(B39,Mundarija!$A:$A,0)),"kod topilmadi") -> 3.6. Texnik xatolar va tasvir sifatini nazorat qilish. | E39: Unit 22: Quality & Performance Ultrasound Physics with Sononerds | F39: https://www.youtube.com/watch?v=0U2Pcu2SjeM | G39: Sononerds | H39: Ta’lim kanali (sonografiya kolleji kursi, 25 qism) | I39: >42:52 | J39: 2022-02-27 | K39: Ingliz | L39: O‘rta | M39: Nazariy | N39: Tekshirilmagan | O39: Ingliz subtitri bo‘lsa mos (tekshirilmagan) | P39: 2026-10-17 | Q39: Havola tekshirilgan (oEmbed, GitHub serveri) | X39: =IF(COUNT(R39:W39)=6,SUM(R39:W39),"ko‘rilmagan") -> ko‘rilmagan | Y39: Sifat nazorati, fantomlar; Ilovada: Ultratovush asoslari: fizika va apparat → Sifat nazorati
A40: V039 | B40: 01.04.01 | D40: =IFERROR(INDEX(Mundarija!$D:$D,MATCH(B40,Mundarija!$A:$A,0)),"kod topilmadi") -> 4.1. Akustik soya va posterior akustik kuchayish. | E40: Ultrasound Artifacts, Part 1 (Shadowing, enhancement and edge artifacts) | F40: https://www.youtube.com/watch?v=SN6_YKVl-U0 | G40: Core Ultrasound | H40: Ta’lim kanali (shoshilinch UZI shifokori) | I40: tekshirilmadi | J40: 2022-07-11 | K40: Ingliz | L40: Boshlang‘ich | M40: Amaliy | N40: Tekshirilmagan | O40: Ingliz subtitri bo‘lsa mos (tekshirilmagan) | P40: 2026-10-17 | Q40: Ishlamaydi: serverda “video mavjud emas” (2026-10-17) | X40: =IF(COUNT(R40:W40)=6,SUM(R40:W40),"ko‘rilmagan") -> ko‘rilmagan | Y40: Ilovadan olib tashlandi, o‘rniga boshqa dars qo‘yildi
A41: V040 | B41: 01.04.02 | D41: =IFERROR(INDEX(Mundarija!$D:$D,MATCH(B41,Mundarija!$A:$A,0)),"kod topilmadi") -> 4.2. Reverberatsiya, kometa dumi va ring-down. | E41: Ultrasound Artifacts, Part 2 (Reverberation artifacts) | F41: https://www.youtube.com/watch?v=SyYkOglVVLo | G41: Core Ultrasound | H41: Ta’lim kanali (shoshilinch UZI shifokori) | I41: tekshirilmadi | J41: 2022-07-13 | K41: Ingliz | L41: Boshlang‘ich | M41: Amaliy | N41: Tekshirilmagan | O41: Ingliz subtitri bo‘lsa mos (tekshirilmagan) | P41: 2026-10-17 | Q41: Ishlamaydi: serverda “video mavjud emas” (2026-10-17) | X41: =IF(COUNT(R41:W41)=6,SUM(R41:W41),"ko‘rilmagan") -> ko‘rilmagan | Y41: Ilovadan olib tashlandi, o‘rniga boshqa dars qo‘yildi
A42: V041 | B42: 01.04.06 | C42: 01.04.03 | D42: =IFERROR(INDEX(Mundarija!$D:$D,MATCH(B42,Mundarija!$A:$A,0)),"kod topilmadi") -> 4.6. Artefaktlarni patologiyadan farqlash va diagnostik ahamiyati. | E42: Ultrasound Artifacts | F42: https://www.youtube.com/watch?v=NjcYR_tO1iw | G42: MetroHealth Emergency Ultrasound (Dr. Shoji Shimizu) | H42: Klinika ta’lim seriyasi | I42: tekshirilmadi | J42: 2021-09-15 | K42: Ingliz | L42: O‘rta | M42: Nazariy | N42: Tekshirilmagan | O42: Ingliz subtitri bo‘lsa mos (tekshirilmagan) | P42: 2026-10-17 | Q42: Havola tekshirilgan (oEmbed, GitHub serveri) | X42: =IF(COUNT(R42:W42)=6,SUM(R42:W42),"ko‘rilmagan") -> ko‘rilmagan | Y42: Ilovada: Ultratovush asoslari: fizika va apparat → Artefaktlar: umumiy sharh
A43: V042 | B43: 01.04.05 | D43: =IFERROR(INDEX(Mundarija!$D:$D,MATCH(B43,Mundarija!$A:$A,0)),"kod topilmadi") -> 4.5. Doppler aliasing va boshqa Doppler artefaktlari. | E43: Aliasing on Doppler Ultrasound | F43: https://www.youtube.com/watch?v=Xq7VJ864GIg | G43: Radiology educational videos | H43: Ta’lim kanali | I43: tekshirilmadi | J43: 2025-05-16 | K43: Ingliz | L43: O‘rta | M43: Amaliy | N43: Tekshirilmagan | O43: Ingliz subtitri bo‘lsa mos (tekshirilmagan) | P43: 2026-10-17 | Q43: Havola tekshirilgan (oEmbed, GitHub serveri) | X43: =IF(COUNT(R43:W43)=6,SUM(R43:W43),"ko‘rilmagan") -> ko‘rilmagan | Y43: Ilovada: Ultratovush asoslari: fizika va apparat → Doppler: sozlamalar va aliasing
A44: V043 | B44: 01.05.04 | C44: 01.04.05; 01.05.07 | D44: =IFERROR(INDEX(Mundarija!$D:$D,MATCH(B44,Mundarija!$A:$A,0)),"kod topilmadi") -> 5.4. PRF, scale, wall filter, gain va sample volume. | E44: Unit 20: Doppler Application | F44: https://www.youtube.com/watch?v=R2yTdxP-j8I | G44: Sononerds | H44: Ta’lim kanali (sonografiya kolleji kursi, 25 qism) | I44: >1:29:14 | J44: 2022-02-06 | K44: Ingliz | L44: O‘rta | M44: Amaliy | N44: Tekshirilmagan | O44: Ingliz subtitri bo‘lsa mos (tekshirilmagan) | P44: 2026-10-17 | Q44: Havola tekshirilgan (oEmbed, GitHub serveri) | X44: =IF(COUNT(R44:W44)=6,SUM(R44:W44),"ko‘rilmagan") -> ko‘rilmagan | Y44: Spektral va rangli Doppler sozlamalari, aliasing; Ilovada: Ultratovush asoslari: fizika va apparat → Doppler: sozlamalar va aliasing
A45: V044 | B45: 01.05.01 | C45: 01.05.02; 01.05.03; 01.05.05 | D45: =IFERROR(INDEX(Mundarija!$D:$D,MATCH(B45,Mundarija!$A:$A,0)),"kod topilmadi") -> 5.1. Doppler effekti va Doppler tenglamasi. | E45: Unit 19: Doppler Physics & Instrumentation with Sononerds | F45: https://www.youtube.com/watch?v=NrWKEJD-_RA | G45: Sononerds | H45: Ta’lim kanali (sonografiya kolleji kursi, 25 qism) | I45: ~1:27 | J45: 2022-01-30 | K45: Ingliz | L45: O‘rta | M45: Nazariy | N45: Tekshirilmagan | O45: Ingliz subtitri bo‘lsa mos (tekshirilmagan) | P45: 2026-10-17 | Q45: Havola tekshirilgan (oEmbed, GitHub serveri) | X45: =IF(COUNT(R45:W45)=6,SUM(R45:W45),"ko‘rilmagan") -> ko‘rilmagan | Y45: Doppler tenglamasi, cos θ, CW, PW, rangli va power Doppler; Ilovada: Ultratovush asoslari: fizika va apparat → Doppler: fizika va turlari
A46: V045 | B46: 01.05.02 | D46: =IFERROR(INDEX(Mundarija!$D:$D,MATCH(B46,Mundarija!$A:$A,0)),"kod topilmadi") -> 5.2. Color Doppler va Power Doppler. | E46: iMEP Tips & Tricks 30: Power Doppler vs. Color Doppler | F46: https://www.youtube.com/watch?v=dIvPZ6Mhraw | G46: NIPRO Group | H46: Ishlab chiqaruvchi | I46: tekshirilmadi | J46: 2025-02-10 | K46: Ingliz | L46: Boshlang‘ich | M46: Amaliy | N46: Tekshirilmagan | O46: Ingliz subtitri bo‘lsa mos (tekshirilmagan) | P46: 2026-10-17 | Q46: Havola tekshirilgan (oEmbed, GitHub serveri) | X46: =IF(COUNT(R46:W46)=6,SUM(R46:W46),"ko‘rilmagan") -> ko‘rilmagan | Y46: Ishlab chiqaruvchi kanali: neytralligini tekshiring; Ilovada: Ultratovush asoslari: fizika va apparat → Doppler: rangli va power Doppler
A47: V046 | B47: 01.05.06 | D47: =IFERROR(INDEX(Mundarija!$D:$D,MATCH(B47,Mundarija!$A:$A,0)),"kod topilmadi") -> 5.6. Tezlik, RI, PI va boshqa gemodinamik ko‘rsatkichlar. | E47: Doppler Ultrasound 101 | The Basics | F47: https://www.youtube.com/watch?v=LeI3ns30mvg | G47: Sonography Minutes (Michelle Macauley) | H47: Ta’lim kanali (sonografist) | I47: ~38:05 | J47: 2022-06-29 | K47: Ingliz | L47: Boshlang‘ich | M47: Nazariy | N47: Tekshirilmagan | O47: Ingliz subtitri bo‘lsa mos (tekshirilmagan) | P47: 2026-10-17 | Q47: Havola tekshirilgan (oEmbed, GitHub serveri) | X47: =IF(COUNT(R47:W47)=6,SUM(R47:W47),"ko‘rilmagan") -> ko‘rilmagan | Y47: Ilovada: Ultratovush asoslari: fizika va apparat → Doppler: fizika va turlari
A48: V047 | B48: 01.05.06 | D48: =IFERROR(INDEX(Mundarija!$D:$D,MATCH(B48,Mundarija!$A:$A,0)),"kod topilmadi") -> 5.6. Tezlik, RI, PI va boshqa gemodinamik ko‘rsatkichlar. | E48: Unit 18 Hemodynamics :: Ultrasound Physics with Sononerds | F48: https://www.youtube.com/watch?v=U6swOcsO6c0 | G48: Sononerds | H48: Ta’lim kanali (sonografiya kolleji kursi, 25 qism) | I48: >1:13 | J48: 2022-01-24 | K48: Ingliz | L48: O‘rta | M48: Nazariy | N48: Tekshirilmagan | O48: Ingliz subtitri bo‘lsa mos (tekshirilmagan) | P48: 2026-10-17 | Q48: Havola tekshirilgan (oEmbed, GitHub serveri) | X48: =IF(COUNT(R48:W48)=6,SUM(R48:W48),"ko‘rilmagan") -> ko‘rilmagan | Y48: Gemodinamika, stenoz, Bernulli; Ilovada: Ultratovush asoslari: fizika va apparat → Gemodinamika
A49: V048 | B49: 01.06.01 | C49: 01.06.03; 01.06.04 | D49: =IFERROR(INDEX(Mundarija!$D:$D,MATCH(B49,Mundarija!$A:$A,0)),"kod topilmadi") -> 6.1. Ultratovushning termal va mexanik bioeffektlari. | E49: ATTENTION: ALARA is Important - An Update on the Bioeffects of Ultrasound | F49: https://www.youtube.com/watch?v=wHdEZaY4M2g | G49: AIUMultrasound (J. Brian Fowlkes, Jean Lea Spitz) | H49: Professional jamiyat (AIUM) | I49: tekshirilmadi | J49: 2017-03-14 | K49: Ingliz | L49: O‘rta | M49: Nazariy | N49: Tekshirilmagan | O49: Ingliz subtitri bo‘lsa mos (tekshirilmagan) | P49: 2026-10-17 | Q49: Havola tekshirilgan (oEmbed, GitHub serveri) | X49: =IF(COUNT(R49:W49)=6,SUM(R49:W49),"ko‘rilmagan") -> ko‘rilmagan | Y49: Eng ishonchli manba (AIUM); Ilovada: Ultratovush asoslari: fizika va apparat → Xavfsizlik: ALARA, TI va MI
A50: V049 | B50: 01.06.02 | D50: =IFERROR(INDEX(Mundarija!$D:$D,MATCH(B50,Mundarija!$A:$A,0)),"kod topilmadi") -> 6.2. Thermal Index (TI) va Mechanical Index (MI). | E50: Understanding ultrasound parameters: mechanical index and thermal index | F50: https://www.youtube.com/watch?v=3cWIePSocMA | G50: Radiology educational videos | H50: Ta’lim kanali | I50: tekshirilmadi | J50: 2025-05-05 | K50: Ingliz | L50: Boshlang‘ich | M50: Amaliy | N50: Tekshirilmagan | O50: Ingliz subtitri bo‘lsa mos (tekshirilmagan) | P50: 2026-10-17 | Q50: Havola tekshirilgan (oEmbed, GitHub serveri) | X50: =IF(COUNT(R50:W50)=6,SUM(R50:W50),"ko‘rilmagan") -> ko‘rilmagan | Y50: GE apparatida ko‘rsatilgan; Ilovada: Ultratovush asoslari: fizika va apparat → Xavfsizlik: ALARA, TI va MI
A51: V050 | B51: 01.06.06 | C51: 01.06.02 | D51: =IFERROR(INDEX(Mundarija!$D:$D,MATCH(B51,Mundarija!$A:$A,0)),"kod topilmadi") -> 6.6. Kontrastli UZI xavfsizligi va maxsus tayyorgarlik talablari. | E51: Ultrasound Physics with Sononerds Unit 17b | F51: https://www.youtube.com/watch?v=XdSrvyKCpfw | G51: Sononerds | H51: Ta’lim kanali (sonografiya kolleji kursi, 25 qism) | I51: >20:28 | J51: 2021-11-29 | K51: Ingliz | L51: O‘rta | M51: Nazariy | N51: Tekshirilmagan | O51: Ingliz subtitri bo‘lsa mos (tekshirilmagan) | P51: 2026-10-17 | Q51: Havola tekshirilgan (oEmbed, GitHub serveri) | X51: =IF(COUNT(R51:W51)=6,SUM(R51:W51),"ko‘rilmagan") -> ko‘rilmagan | Y51: Kontrast moddalar va mexanik indeks; Ilovada: Ultratovush asoslari: fizika va apparat → Kontrast moddalar va mexanik indeks
A52: V051 | B52: 01.04.01 | D52: =IFERROR(INDEX(Mundarija!$D:$D,MATCH(B52,Mundarija!$A:$A,0)),"kod topilmadi") -> 4.1. Akustik soya va posterior akustik kuchayish. | E52: Clean posterior acoustic shadowing on ultrasound | F52: https://www.youtube.com/watch?v=12AEms8K5oY | G52: Radiology educational videos | H52: Ta’lim kanali | I52: tekshirilmadi | J52: tekshirilmadi | K52: Ingliz | L52: Boshlang‘ich | M52: Amaliy | N52: Tekshirilmagan | O52: Ingliz subtitri bo‘lsa mos (tekshirilmagan) | P52: 2026-10-17 | Q52: Havola tekshirilgan (oEmbed, GitHub serveri) | X52: =IF(COUNT(R52:W52)=6,SUM(R52:W52),"ko‘rilmagan") -> ko‘rilmagan | Y52: Ilovada: Ultratovush asoslari: fizika va apparat → Artefaktlar: akustik soya va kuchayish
A53: V052 | B53: 01.04.01 | D53: =IFERROR(INDEX(Mundarija!$D:$D,MATCH(B53,Mundarija!$A:$A,0)),"kod topilmadi") -> 4.1. Akustik soya va posterior akustik kuchayish. | E53: Dirty posterior acoustic shadowing on ultrasound | F53: https://www.youtube.com/watch?v=BEkT3_979fw | G53: Radiology educational videos | H53: Ta’lim kanali | I53: tekshirilmadi | J53: tekshirilmadi | K53: Ingliz | L53: Boshlang‘ich | M53: Amaliy | N53: Tekshirilmagan | O53: Ingliz subtitri bo‘lsa mos (tekshirilmagan) | P53: 2026-10-17 | Q53: Havola tekshirilgan (oEmbed, GitHub serveri) | X53: =IF(COUNT(R53:W53)=6,SUM(R53:W53),"ko‘rilmagan") -> ko‘rilmagan | Y53: Ilovada: Ultratovush asoslari: fizika va apparat → Artefaktlar: akustik soya va kuchayish
A54: V053 | B54: 01.04.02 | D54: =IFERROR(INDEX(Mundarija!$D:$D,MATCH(B54,Mundarija!$A:$A,0)),"kod topilmadi") -> 4.2. Reverberatsiya, kometa dumi va ring-down. | E54: Reverberation artifact | F54: https://www.youtube.com/watch?v=y8VPgK-tToA | G54: #IMPOCUS | H54: Ta’lim kanali (ichki kasalliklar POCUS) | I54: tekshirilmadi | J54: tekshirilmadi | K54: Ingliz | L54: Boshlang‘ich | M54: Amaliy | N54: Tekshirilmagan | O54: Ingliz subtitri bo‘lsa mos (tekshirilmagan) | P54: 2026-10-17 | Q54: Havola tekshirilgan (oEmbed, GitHub serveri) | X54: =IF(COUNT(R54:W54)=6,SUM(R54:W54),"ko‘rilmagan") -> ko‘rilmagan | Y54: Ilovada: Ultratovush asoslari: fizika va apparat → Artefaktlar: reverberatsiya
A55: V054 | B55: 01.04.06 | C55: 01.04.03; 01.04.04 | D55: =IFERROR(INDEX(Mundarija!$D:$D,MATCH(B55,Mundarija!$A:$A,0)),"kod topilmadi") -> 4.6. Artefaktlarni patologiyadan farqlash va diagnostik ahamiyati. | E55: Ultrasound Physics Imaging Artifacts | F55: https://www.youtube.com/watch?v=HnG1GieOkUk | G55: POCUS Geek | H55: Ta’lim kanali | I55: tekshirilmadi | J55: tekshirilmadi | K55: Ingliz | L55: Boshlang‘ich | M55: Nazariy | N55: Tekshirilmagan | O55: Ingliz subtitri bo‘lsa mos (tekshirilmagan) | P55: 2026-10-17 | Q55: Havola tekshirilgan (oEmbed, GitHub serveri) | X55: =IF(COUNT(R55:W55)=6,SUM(R55:W55),"ko‘rilmagan") -> ko‘rilmagan | Y55: Ilovada: Ultratovush asoslari: fizika va apparat → Artefaktlar: umumiy sharh
A56: V055 | B56: 01.04.06 | D56: =IFERROR(INDEX(Mundarija!$D:$D,MATCH(B56,Mundarija!$A:$A,0)),"kod topilmadi") -> 4.6. Artefaktlarni patologiyadan farqlash va diagnostik ahamiyati. | E56: ULTRASOUND ARTIFACTS | Sonography Tutorial | Dr Sanjeev Mani | Exam Question in Radiology | Indian Radiologist | F56: https://www.youtube.com/watch?v=XJ_4bkD8bbg | G56: Dr Sanjeev Mani | H56: Shaxsiy kanal (radiolog) | I56: tekshirilmadi | J56: tekshirilmadi | K56: Ingliz | L56: O‘rta | M56: Nazariy | N56: Tekshirilmagan | O56: Ingliz subtitri bo‘lsa mos (tekshirilmagan) | P56: 2026-10-17 | Q56: Havola tekshirilgan (oEmbed, GitHub serveri) | X56: =IF(COUNT(R56:W56)=6,SUM(R56:W56),"ko‘rilmagan") -> ko‘rilmagan | Y56: Ilovada: Ultratovush asoslari: fizika va apparat → Artefaktlar: umumiy sharh
A57: V056 | B57: 01.02.02 | D57: =IFERROR(INDEX(Mundarija!$D:$D,MATCH(B57,Mundarija!$A:$A,0)),"kod topilmadi") -> 2.2. Konveks, chiziqli, sektor/fazalangan va endokavitar datchiklar. | E57: Physics of Ultrasound: Transducers - Segment #6 | F57: https://www.youtube.com/watch?v=aQRtyG32s1o | G57: jchanmeister | H57: Ta’lim kanali | I57: tekshirilmadi | J57: tekshirilmadi | K57: Ingliz | L57: Boshlang‘ich | M57: Nazariy | N57: Tekshirilmagan | O57: Ingliz subtitri bo‘lsa mos (tekshirilmagan) | P57: 2026-10-17 | Q57: Havola tekshirilgan (oEmbed, GitHub serveri) | X57: =IF(COUNT(R57:W57)=6,SUM(R57:W57),"ko‘rilmagan") -> ko‘rilmagan | Y57: Ilovada: Ultratovush asoslari: fizika va apparat → Datchik turlari
A58: V057 | B58: 03.10.02 | D58: =IFERROR(INDEX(Mundarija!$D:$D,MATCH(B58,Mundarija!$A:$A,0)),"kod topilmadi") -> 10.2. Jigarni standart tekshirish protokoli. | E58: How to ultrasound the liver | F58: https://www.youtube.com/watch?v=J5gRFeZ7cZU | G58: Medmastery | H58: Ta’lim kanali | I58: tekshirilmadi | J58: tekshirilmadi | K58: Ingliz | L58: Belgilanmagan | M58: Belgilanmagan | N58: Tekshirilmagan | O58: Ingliz subtitri bo‘lsa mos (tekshirilmagan) | P58: 2026-10-17 | Q58: Havola tekshirilgan (oEmbed, GitHub serveri) | X58: =IF(COUNT(R58:W58)=6,SUM(R58:W58),"ko‘rilmagan") -> ko‘rilmagan | Y58: Ilova katalogi v1 (2026-10-16); Ilovada: Qorin bo‘shlig‘i a’zolari → Jigar: tekshirish texnikasi
A59: V058 | B59: 03.10.03 | D59: =IFERROR(INDEX(Mundarija!$D:$D,MATCH(B59,Mundarija!$A:$A,0)),"kod topilmadi") -> 10.3. Diffuz kasalliklar: steatoz, gepatit va sirroz. | E59: Ultrasound of diffuse liver diseases | F59: https://www.youtube.com/watch?v=8pETh6qhIdM | G59: 123radiology | H59: Ta’lim kanali | I59: tekshirilmadi | J59: tekshirilmadi | K59: Ingliz | L59: Belgilanmagan | M59: Belgilanmagan | N59: Tekshirilmagan | O59: Ingliz subtitri bo‘lsa mos (tekshirilmagan) | P59: 2026-10-17 | Q59: Havola tekshirilgan (oEmbed, GitHub serveri) | X59: =IF(COUNT(R59:W59)=6,SUM(R59:W59),"ko‘rilmagan") -> ko‘rilmagan | Y59: Ilova katalogi v1 (2026-10-16); Ilovada: Qorin bo‘shlig‘i a’zolari → Jigar: diffuz kasalliklar (yog‘li gepatoz, sirroz)
A60: V059 | B60: 03.10.05 | C60: 03.10.06; 03.10.09 | D60: =IFERROR(INDEX(Mundarija!$D:$D,MATCH(B60,Mundarija!$A:$A,0)),"kod topilmadi") -> 10.5. Fokal hosilalar: kista, gemangioma va boshqa benign o‘zgarishlar. | E60: Ultrasound in Focal Liver Lesions and Beyond | F60: https://www.youtube.com/watch?v=A9jHe08T4VE | G60: Radiology Video - radiology made esay | H60: Ta’lim kanali | I60: tekshirilmadi | J60: tekshirilmadi | K60: Ingliz | L60: Belgilanmagan | M60: Belgilanmagan | N60: Tekshirilmagan | O60: Ingliz subtitri bo‘lsa mos (tekshirilmagan) | P60: 2026-10-17 | Q60: Havola tekshirilgan (oEmbed, GitHub serveri) | X60: =IF(COUNT(R60:W60)=6,SUM(R60:W60),"ko‘rilmagan") -> ko‘rilmagan | Y60: Ilova katalogi v1 (2026-10-16); Ilovada: Qorin bo‘shlig‘i a’zolari → Jigar: o‘choqli o‘zgarishlar
A61: V060 | B61: 03.11.01 | D61: =IFERROR(INDEX(Mundarija!$D:$D,MATCH(B61,Mundarija!$A:$A,0)),"kod topilmadi") -> 11.1. Normal anatomiya va tekshiruv texnikasi. | E61: Sonographic anatomy of the gallbladder and biliary ducts | F61: https://www.youtube.com/watch?v=enp-lIVqyBQ | G61: 123radiology | H61: Ta’lim kanali | I61: tekshirilmadi | J61: tekshirilmadi | K61: Ingliz | L61: Belgilanmagan | M61: Belgilanmagan | N61: Tekshirilmagan | O61: Ingliz subtitri bo‘lsa mos (tekshirilmagan) | P61: 2026-10-17 | Q61: Havola tekshirilgan (oEmbed, GitHub serveri) | X61: =IF(COUNT(R61:W61)=6,SUM(R61:W61),"ko‘rilmagan") -> ko‘rilmagan | Y61: Ilova katalogi v1 (2026-10-16); Ilovada: Qorin bo‘shlig‘i a’zolari → O‘t pufagi va o‘t yo‘llari: anatomiya
A62: V061 | B62: 03.11.02 | C62: 03.11.03; 03.11.04 | D62: =IFERROR(INDEX(Mundarija!$D:$D,MATCH(B62,Mundarija!$A:$A,0)),"kod topilmadi") -> 11.2. Xolelitiaz va xoledoxolitiaz. | E62: Ultrasound of the Abnormal Gallbladder | F62: https://www.youtube.com/watch?v=374A77l6es0 | G62: MetroHealth Emergency Ultrasound | H62: Ta’lim kanali | I62: tekshirilmadi | J62: tekshirilmadi | K62: Ingliz | L62: Belgilanmagan | M62: Belgilanmagan | N62: Tekshirilmagan | O62: Ingliz subtitri bo‘lsa mos (tekshirilmagan) | P62: 2026-10-17 | Q62: Havola tekshirilgan (oEmbed, GitHub serveri) | X62: =IF(COUNT(R62:W62)=6,SUM(R62:W62),"ko‘rilmagan") -> ko‘rilmagan | Y62: Ilova katalogi v1 (2026-10-16); Ilovada: Qorin bo‘shlig‘i a’zolari → O‘t pufagi: patologiya
A63: V062 | B63: 03.12.01 | D63: =IFERROR(INDEX(Mundarija!$D:$D,MATCH(B63,Mundarija!$A:$A,0)),"kod topilmadi") -> 12.1. Normal anatomiya va vizualizatsiya usullari. | E63: How to perform an ultrasound exam of the pancreas | F63: https://www.youtube.com/watch?v=IsJeMgxTFMU | G63: Medmastery | H63: Ta’lim kanali | I63: tekshirilmadi | J63: tekshirilmadi | K63: Ingliz | L63: Belgilanmagan | M63: Belgilanmagan | N63: Tekshirilmagan | O63: Ingliz subtitri bo‘lsa mos (tekshirilmagan) | P63: 2026-10-17 | Q63: Havola tekshirilgan (oEmbed, GitHub serveri) | X63: =IF(COUNT(R63:W63)=6,SUM(R63:W63),"ko‘rilmagan") -> ko‘rilmagan | Y63: Ilova katalogi v1 (2026-10-16); Ilovada: Qorin bo‘shlig‘i a’zolari → Oshqozon osti bezi: tekshirish texnikasi
A64: V063 | B64: 03.12.02 | D64: =IFERROR(INDEX(Mundarija!$D:$D,MATCH(B64,Mundarija!$A:$A,0)),"kod topilmadi") -> 12.2. O‘tkir va surunkali pankreatit. | E64: How to diagnose pancreatitis with the help of ultrasound | F64: https://www.youtube.com/watch?v=e-DBRFgQPYw | G64: Medmastery | H64: Ta’lim kanali | I64: tekshirilmadi | J64: tekshirilmadi | K64: Ingliz | L64: Belgilanmagan | M64: Belgilanmagan | N64: Tekshirilmagan | O64: Ingliz subtitri bo‘lsa mos (tekshirilmagan) | P64: 2026-10-17 | Q64: Havola tekshirilgan (oEmbed, GitHub serveri) | X64: =IF(COUNT(R64:W64)=6,SUM(R64:W64),"ko‘rilmagan") -> ko‘rilmagan | Y64: Ilova katalogi v1 (2026-10-16); Ilovada: Qorin bo‘shlig‘i a’zolari → Oshqozon osti bezi: pankreatit
A65: V064 | B65: 03.13.01 | C65: 03.13.02; 03.13.04 | D65: =IFERROR(INDEX(Mundarija!$D:$D,MATCH(B65,Mundarija!$A:$A,0)),"kod topilmadi") -> 13.1. Normal anatomiya va o‘lchamlari. | E65: Spleen Ultrasound Normal Vs Abnormal Image Appearances Comparison | Splenic Pathologies On USG | F65: https://www.youtube.com/watch?v=CZpeA_lJ6rE | G65: Dr. Sam's Imaging Library | H65: Ta’lim kanali | I65: tekshirilmadi | J65: tekshirilmadi | K65: Ingliz | L65: Belgilanmagan | M65: Belgilanmagan | N65: Tekshirilmagan | O65: Ingliz subtitri bo‘lsa mos (tekshirilmagan) | P65: 2026-10-17 | Q65: Havola tekshirilgan (oEmbed, GitHub serveri) | X65: =IF(COUNT(R65:W65)=6,SUM(R65:W65),"ko‘rilmagan") -> ko‘rilmagan | Y65: Ilova katalogi v1 (2026-10-16); Ilovada: Qorin bo‘shlig‘i a’zolari → Taloq
A66: V065 | B66: 03.15.01 | D66: =IFERROR(INDEX(Mundarija!$D:$D,MATCH(B66,Mundarija!$A:$A,0)),"kod topilmadi") -> 15.1. Qorin aortasi: diametr, anevrizma va stenoz. | E66: Ultrasound of Abdominal Aortic Aneurysm (AAA) | F66: https://www.youtube.com/watch?v=4JTq2gyW5Nw | G66: EM:RAP Medical Education | H66: Ta’lim kanali | I66: tekshirilmadi | J66: tekshirilmadi | K66: Ingliz | L66: Belgilanmagan | M66: Belgilanmagan | N66: Tekshirilmagan | O66: Ingliz subtitri bo‘lsa mos (tekshirilmagan) | P66: 2026-10-17 | Q66: Havola tekshirilgan (oEmbed, GitHub serveri) | X66: =IF(COUNT(R66:W66)=6,SUM(R66:W66),"ko‘rilmagan") -> ko‘rilmagan | Y66: Ilova katalogi v1 (2026-10-16); Ilovada: Qorin bo‘shlig‘i a’zolari → Qorin aortasi: anevrizma
A67: V066 | B67: 03.15.07 | D67: =IFERROR(INDEX(Mundarija!$D:$D,MATCH(B67,Mundarija!$A:$A,0)),"kod topilmadi") -> 15.7. Appenditsit, ichak tutilishi va ichak yallig‘lanishlari. | E67: Ultrasound of Acute Appendicitis | F67: https://www.youtube.com/watch?v=FpiqQs0gwgI | G67: Radquarters | H67: Ta’lim kanali | I67: tekshirilmadi | J67: tekshirilmadi | K67: Ingliz | L67: Belgilanmagan | M67: Belgilanmagan | N67: Tekshirilmagan | O67: Ingliz subtitri bo‘lsa mos (tekshirilmagan) | P67: 2026-10-17 | Q67: Havola tekshirilgan (oEmbed, GitHub serveri) | X67: =IF(COUNT(R67:W67)=6,SUM(R67:W67),"ko‘rilmagan") -> ko‘rilmagan | Y67: Ilova katalogi v1 (2026-10-16); Ilovada: Qorin bo‘shlig‘i a’zolari → Appenditsit
A68: V067 | B68: 03.15.07 | D68: =IFERROR(INDEX(Mundarija!$D:$D,MATCH(B68,Mundarija!$A:$A,0)),"kod topilmadi") -> 15.7. Appenditsit, ichak tutilishi va ichak yallig‘lanishlari. | E68: Ultrasound of Acute Appendicitis: Pearls and Pitfalls | F68: https://www.youtube.com/watch?v=GcS3jKyR5sg | G68: 123radiology | H68: Ta’lim kanali | I68: tekshirilmadi | J68: tekshirilmadi | K68: Ingliz | L68: Belgilanmagan | M68: Belgilanmagan | N68: Tekshirilmagan | O68: Ingliz subtitri bo‘lsa mos (tekshirilmagan) | P68: 2026-10-17 | Q68: Havola tekshirilgan (oEmbed, GitHub serveri) | X68: =IF(COUNT(R68:W68)=6,SUM(R68:W68),"ko‘rilmagan") -> ko‘rilmagan | Y68: Ilova katalogi v1 (2026-10-16); Ilovada: Qorin bo‘shlig‘i a’zolari → Appenditsit: nozik jihatlar
A69: V068 | B69: 04.16.01 | D69: =IFERROR(INDEX(Mundarija!$D:$D,MATCH(B69,Mundarija!$A:$A,0)),"kod topilmadi") -> 16.1. Bachadon, endometriy va tuxumdonlarning normal anatomiyasi. | E69: Gynecologic Radiology Anatomy | F69: https://www.youtube.com/watch?v=sD-aFMQxT08 | G69: Radiology Education by Joseph W. Owen, MD | H69: Ta’lim kanali | I69: tekshirilmadi | J69: tekshirilmadi | K69: Ingliz | L69: Belgilanmagan | M69: Belgilanmagan | N69: Tekshirilmagan | O69: Ingliz subtitri bo‘lsa mos (tekshirilmagan) | P69: 2026-10-17 | Q69: Havola tekshirilgan (oEmbed, GitHub serveri) | X69: =IF(COUNT(R69:W69)=6,SUM(R69:W69),"ko‘rilmagan") -> ko‘rilmagan | Y69: Ilova katalogi v1 (2026-10-16); Ilovada: Ginekologiya → Kichik chanoq a’zolari anatomiyasi
A70: V069 | B70: 04.16.02 | C70: 02.07.04 | D70: =IFERROR(INDEX(Mundarija!$D:$D,MATCH(B70,Mundarija!$A:$A,0)),"kod topilmadi") -> 16.2. Transabdominal va transvaginal tekshiruv protokoli. | E70: Bedside Transvaginal Ultrasound, Part 1 | F70: https://www.youtube.com/watch?v=JoQtlTNrGZA | G70: MetroHealth Emergency Ultrasound | H70: Ta’lim kanali | I70: tekshirilmadi | J70: tekshirilmadi | K70: Ingliz | L70: Belgilanmagan | M70: Belgilanmagan | N70: Tekshirilmagan | O70: Ingliz subtitri bo‘lsa mos (tekshirilmagan) | P70: 2026-10-17 | Q70: Havola tekshirilgan (oEmbed, GitHub serveri) | X70: =IF(COUNT(R70:W70)=6,SUM(R70:W70),"ko‘rilmagan") -> ko‘rilmagan | Y70: Ilova katalogi v1 (2026-10-16); Ilovada: Ginekologiya → Transvaginal tekshiruv
A71: V070 | B71: 04.16.04 | D71: =IFERROR(INDEX(Mundarija!$D:$D,MATCH(B71,Mundarija!$A:$A,0)),"kod topilmadi") -> 16.4. Mioma, adenomioz va endometrial patologiyalar. | E71: Ultrasound of Uterine Fibroids: Sonographic Appearance & Differential Diagnosis | F71: https://www.youtube.com/watch?v=veQhbLyqLyU | G71: Athar Shams Rana | H71: Ta’lim kanali | I71: tekshirilmadi | J71: tekshirilmadi | K71: Ingliz | L71: Belgilanmagan | M71: Belgilanmagan | N71: Tekshirilmagan | O71: Ingliz subtitri bo‘lsa mos (tekshirilmagan) | P71: 2026-10-17 | Q71: Havola tekshirilgan (oEmbed, GitHub serveri) | X71: =IF(COUNT(R71:W71)=6,SUM(R71:W71),"ko‘rilmagan") -> ko‘rilmagan | Y71: Ilova katalogi v1 (2026-10-16); Ilovada: Ginekologiya → Bachadon miomasi
A72: V071 | B72: 04.16.04 | D72: =IFERROR(INDEX(Mundarija!$D:$D,MATCH(B72,Mundarija!$A:$A,0)),"kod topilmadi") -> 16.4. Mioma, adenomioz va endometrial patologiyalar. | E72: Ultrasound of Endometrial Polyps | F72: https://www.youtube.com/watch?v=qdlb0bl2eOI | G72: Radquarters | H72: Ta’lim kanali | I72: tekshirilmadi | J72: tekshirilmadi | K72: Ingliz | L72: Belgilanmagan | M72: Belgilanmagan | N72: Tekshirilmagan | O72: Ingliz subtitri bo‘lsa mos (tekshirilmagan) | P72: 2026-10-17 | Q72: Havola tekshirilgan (oEmbed, GitHub serveri) | X72: =IF(COUNT(R72:W72)=6,SUM(R72:W72),"ko‘rilmagan") -> ko‘rilmagan | Y72: Ilova katalogi v1 (2026-10-16); Ilovada: Ginekologiya → Endometriy poliplari
A73: V072 | B73: 04.16.05 | D73: =IFERROR(INDEX(Mundarija!$D:$D,MATCH(B73,Mundarija!$A:$A,0)),"kod topilmadi") -> 16.5. Tuxumdon kistalari va adneksal hosilalar. | E73: Ultrasound of Common Adnexal Cysts | F73: https://www.youtube.com/watch?v=vSba7T95CXQ | G73: 123radiology | H73: Ta’lim kanali | I73: tekshirilmadi | J73: tekshirilmadi | K73: Ingliz | L73: Belgilanmagan | M73: Belgilanmagan | N73: Tekshirilmagan | O73: Ingliz subtitri bo‘lsa mos (tekshirilmagan) | P73: 2026-10-17 | Q73: Havola tekshirilgan (oEmbed, GitHub serveri) | X73: =IF(COUNT(R73:W73)=6,SUM(R73:W73),"ko‘rilmagan") -> ko‘rilmagan | Y73: Ilova katalogi v1 (2026-10-16); Ilovada: Ginekologiya → Tuxumdon kistalari
A74: V073 | B74: 04.16.06 | D74: =IFERROR(INDEX(Mundarija!$D:$D,MATCH(B74,Mundarija!$A:$A,0)),"kod topilmadi") -> 16.6. O-RADS US va IOTA asoslari. | E74: O-Rads Ultrasound Applying Version 2022 in Daily Clinical Practice | F74: https://www.youtube.com/watch?v=ji2I3Pv1R0g | G74: American College of Radiology | H74: Ta’lim kanali | I74: tekshirilmadi | J74: tekshirilmadi | K74: Ingliz | L74: Belgilanmagan | M74: Belgilanmagan | N74: Tekshirilmagan | O74: Ingliz subtitri bo‘lsa mos (tekshirilmagan) | P74: 2026-10-17 | Q74: Havola tekshirilgan (oEmbed, GitHub serveri) | X74: =IF(COUNT(R74:W74)=6,SUM(R74:W74),"ko‘rilmagan") -> ko‘rilmagan | Y74: Ilova katalogi v1 (2026-10-16); Ilovada: Ginekologiya → O-RADS tasnifi
A75: V074 | B75: 05.18.05 | C75: 05.18.06 | D75: =IFERROR(INDEX(Mundarija!$D:$D,MATCH(B75,Mundarija!$A:$A,0)),"kod topilmadi") -> 18.5. Homila tushishi va rivojlanmay qolgan homiladorlik mezonlari. | E75: Ultrasound of Failed First Trimester Pregnancies and Ectopic Pregnancies | F75: https://www.youtube.com/watch?v=YC3-xfRxwYU | G75: Radiology Video - radiology made esay | H75: Ta’lim kanali | I75: tekshirilmadi | J75: tekshirilmadi | K75: Ingliz | L75: Belgilanmagan | M75: Belgilanmagan | N75: Tekshirilmagan | O75: Ingliz subtitri bo‘lsa mos (tekshirilmagan) | P75: 2026-10-17 | Q75: Havola tekshirilgan (oEmbed, GitHub serveri) | X75: =IF(COUNT(R75:W75)=6,SUM(R75:W75),"ko‘rilmagan") -> ko‘rilmagan | Y75: Ilova katalogi v1 (2026-10-16); Ilovada: Ginekologiya → Erta homiladorlik asoratlari va ektopik homiladorlik
A76: V075 | B76: 05.18.06 | C76: 04.16.08 | D76: =IFERROR(INDEX(Mundarija!$D:$D,MATCH(B76,Mundarija!$A:$A,0)),"kod topilmadi") -> 18.6. Ektopik homiladorlik va homiladorlik joylashuvi noma’lum bo‘lgan holatlar. | E76: "Ectopic Pregnancy" Ultrasound SonoWorld Lecture | F76: https://www.youtube.com/watch?v=R6rX5Qclgl8 | G76: SonoWorld | H76: Ta’lim kanali | I76: tekshirilmadi | J76: tekshirilmadi | K76: Ingliz | L76: Belgilanmagan | M76: Belgilanmagan | N76: Tekshirilmagan | O76: Ingliz subtitri bo‘lsa mos (tekshirilmagan) | P76: 2026-10-17 | Q76: Havola tekshirilgan (oEmbed, GitHub serveri) | X76: =IF(COUNT(R76:W76)=6,SUM(R76:W76),"ko‘rilmagan") -> ko‘rilmagan | Y76: Ilova katalogi v1 (2026-10-16); Ilovada: Ginekologiya → Ektopik homiladorlik
A77: V076 | B77: 03.14.01 | D77: =IFERROR(INDEX(Mundarija!$D:$D,MATCH(B77,Mundarija!$A:$A,0)),"kod topilmadi") -> 14.1. Buyrak anatomiyasi, o‘lchamlari va normal parenxima. | E77: Ultrasound of the Normal Kidney | F77: https://www.youtube.com/watch?v=gcGHNdrgYW8 | G77: MetroHealth Emergency Ultrasound | H77: Ta’lim kanali | I77: tekshirilmadi | J77: tekshirilmadi | K77: Ingliz | L77: Belgilanmagan | M77: Belgilanmagan | N77: Tekshirilmagan | O77: Ingliz subtitri bo‘lsa mos (tekshirilmagan) | P77: 2026-10-17 | Q77: Havola tekshirilgan (oEmbed, GitHub serveri) | X77: =IF(COUNT(R77:W77)=6,SUM(R77:W77),"ko‘rilmagan") -> ko‘rilmagan | Y77: Ilova katalogi v1 (2026-10-16); Ilovada: Urologiya → Buyrak: normal anatomiya
A78: V077 | B78: 03.14.01 | D78: =IFERROR(INDEX(Mundarija!$D:$D,MATCH(B78,Mundarija!$A:$A,0)),"kod topilmadi") -> 14.1. Buyrak anatomiyasi, o‘lchamlari va normal parenxima. | E78: Scanning Technique: Renal | F78: https://www.youtube.com/watch?v=sxLmYjilCxM | G78: Clarius Mobile Health | H78: Ta’lim kanali | I78: tekshirilmadi | J78: tekshirilmadi | K78: Ingliz | L78: Belgilanmagan | M78: Belgilanmagan | N78: Tekshirilmagan | O78: Ingliz subtitri bo‘lsa mos (tekshirilmagan) | P78: 2026-10-17 | Q78: Havola tekshirilgan (oEmbed, GitHub serveri) | X78: =IF(COUNT(R78:W78)=6,SUM(R78:W78),"ko‘rilmagan") -> ko‘rilmagan | Y78: Ilova katalogi v1 (2026-10-16); Ilovada: Urologiya → Buyrak: tekshirish texnikasi
A79: V078 | B79: 03.14.03 | D79: =IFERROR(INDEX(Mundarija!$D:$D,MATCH(B79,Mundarija!$A:$A,0)),"kod topilmadi") -> 14.3. Nefrolitiaz va gidronefroz. | E79: How to diagnose hydronephrosis with the help of ultrasound | F79: https://www.youtube.com/watch?v=ULezXrne5n4 | G79: Medmastery | H79: Ta’lim kanali | I79: tekshirilmadi | J79: tekshirilmadi | K79: Ingliz | L79: Belgilanmagan | M79: Belgilanmagan | N79: Tekshirilmagan | O79: Ingliz subtitri bo‘lsa mos (tekshirilmagan) | P79: 2026-10-17 | Q79: Havola tekshirilgan (oEmbed, GitHub serveri) | X79: =IF(COUNT(R79:W79)=6,SUM(R79:W79),"ko‘rilmagan") -> ko‘rilmagan | Y79: Ilova katalogi v1 (2026-10-16); Ilovada: Urologiya → Gidronefroz
A80: V079 | B80: 03.14.08 | D80: =IFERROR(INDEX(Mundarija!$D:$D,MATCH(B80,Mundarija!$A:$A,0)),"kod topilmadi") -> 14.8. Siydik pufagi, qoldiq siydik va siydik yo‘llari patologiyalari. | E80: Scanning Technique: Bladder | F80: https://www.youtube.com/watch?v=nPoCYs7uKC0 | G80: Clarius Mobile Health | H80: Ta’lim kanali | I80: tekshirilmadi | J80: tekshirilmadi | K80: Ingliz | L80: Belgilanmagan | M80: Belgilanmagan | N80: Tekshirilmagan | O80: Ingliz subtitri bo‘lsa mos (tekshirilmagan) | P80: 2026-10-17 | Q80: Havola tekshirilgan (oEmbed, GitHub serveri) | X80: =IF(COUNT(R80:W80)=6,SUM(R80:W80),"ko‘rilmagan") -> ko‘rilmagan | Y80: Ilova katalogi v1 (2026-10-16); Ilovada: Urologiya → Siydik pufagi
A81: V080 | B81: 03.14.08 | D81: =IFERROR(INDEX(Mundarija!$D:$D,MATCH(B81,Mundarija!$A:$A,0)),"kod topilmadi") -> 14.8. Siydik pufagi, qoldiq siydik va siydik yo‘llari patologiyalari. | E81: Ultrasound Estimated Post-Void Residual Bladder | F81: https://www.youtube.com/watch?v=LEd7IzICClE | G81: Michael Zwank | H81: Ta’lim kanali | I81: tekshirilmadi | J81: tekshirilmadi | K81: Ingliz | L81: Belgilanmagan | M81: Belgilanmagan | N81: Tekshirilmagan | O81: Ingliz subtitri bo‘lsa mos (tekshirilmagan) | P81: 2026-10-17 | Q81: Havola tekshirilgan (oEmbed, GitHub serveri) | X81: =IF(COUNT(R81:W81)=6,SUM(R81:W81),"ko‘rilmagan") -> ko‘rilmagan | Y81: Ilova katalogi v1 (2026-10-16); Ilovada: Urologiya → Qoldiq siydik hajmi
A82: V081 | B82: 04.17.07 | D82: =IFERROR(INDEX(Mundarija!$D:$D,MATCH(B82,Mundarija!$A:$A,0)),"kod topilmadi") -> 17.7. Prostata bezi va transabdominal/transrektal tekshiruv asoslari. | E82: Key aspects of Prostate Ultrasound | F82: https://www.youtube.com/watch?v=nhVo53WChSA | G82: Radiology Without Borders | H82: Ta’lim kanali | I82: tekshirilmadi | J82: tekshirilmadi | K82: Ingliz | L82: Belgilanmagan | M82: Belgilanmagan | N82: Tekshirilmagan | O82: Ingliz subtitri bo‘lsa mos (tekshirilmagan) | P82: 2026-10-17 | Q82: Havola tekshirilgan (oEmbed, GitHub serveri) | X82: =IF(COUNT(R82:W82)=6,SUM(R82:W82),"ko‘rilmagan") -> ko‘rilmagan | Y82: Ilova katalogi v1 (2026-10-16); Ilovada: Urologiya → Prostata bezi
A83: V082 | B83: 04.17.01 | D83: =IFERROR(INDEX(Mundarija!$D:$D,MATCH(B83,Mundarija!$A:$A,0)),"kod topilmadi") -> 17.1. Moyak va epididimis anatomiyasi. | E83: Bedside Testicular Ultrasound | F83: https://www.youtube.com/watch?v=FbXwoxwS1Dw | G83: MetroHealth Emergency Ultrasound | H83: Ta’lim kanali | I83: tekshirilmadi | J83: tekshirilmadi | K83: Ingliz | L83: Belgilanmagan | M83: Belgilanmagan | N83: Tekshirilmagan | O83: Ingliz subtitri bo‘lsa mos (tekshirilmagan) | P83: 2026-10-17 | Q83: Havola tekshirilgan (oEmbed, GitHub serveri) | X83: =IF(COUNT(R83:W83)=6,SUM(R83:W83),"ko‘rilmagan") -> ko‘rilmagan | Y83: Ilova katalogi v1 (2026-10-16); Ilovada: Urologiya → Yorg‘oq: tekshiruv
A84: V083 | B84: 04.17.02 | D84: =IFERROR(INDEX(Mundarija!$D:$D,MATCH(B84,Mundarija!$A:$A,0)),"kod topilmadi") -> 17.2. Moyak torsiyasi: shoshilinch belgilar va Doppler. | E84: Ultrasound of Testicular Torsion | F84: https://www.youtube.com/watch?v=IQ5pUWIu6mI | G84: EM:RAP Medical Education | H84: Ta’lim kanali | I84: tekshirilmadi | J84: tekshirilmadi | K84: Ingliz | L84: Belgilanmagan | M84: Belgilanmagan | N84: Tekshirilmagan | O84: Ingliz subtitri bo‘lsa mos (tekshirilmagan) | P84: 2026-10-17 | Q84: Havola tekshirilgan (oEmbed, GitHub serveri) | X84: =IF(COUNT(R84:W84)=6,SUM(R84:W84),"ko‘rilmagan") -> ko‘rilmagan | Y84: Ilova katalogi v1 (2026-10-16); Ilovada: Urologiya → Moyak buralishi
A85: V084 | B85: 09.27.02 | D85: =IFERROR(INDEX(Mundarija!$D:$D,MATCH(B85,Mundarija!$A:$A,0)),"kod topilmadi") -> 27.2. Yangi tug‘ilgan chaqaloq bosh miyasi — neyrosonografiya. | E85: Introduction to neonatal cranial ultrasound | F85: https://www.youtube.com/watch?v=c6A81JiJMSE | G85: South African Paediatric Association | H85: Ta’lim kanali | I85: tekshirilmadi | J85: tekshirilmadi | K85: Ingliz | L85: Belgilanmagan | M85: Belgilanmagan | N85: Tekshirilmagan | O85: Ingliz subtitri bo‘lsa mos (tekshirilmagan) | P85: 2026-10-17 | Q85: Havola tekshirilgan (oEmbed, GitHub serveri) | X85: =IF(COUNT(R85:W85)=6,SUM(R85:W85),"ko‘rilmagan") -> ko‘rilmagan | Y85: Ilova katalogi v1 (2026-10-16); Ilovada: Neyrosonografiya → Kirish
A86: V085 | B86: 09.27.02 | D86: =IFERROR(INDEX(Mundarija!$D:$D,MATCH(B86,Mundarija!$A:$A,0)),"kod topilmadi") -> 27.2. Yangi tug‘ilgan chaqaloq bosh miyasi — neyrosonografiya. | E86: How to Perform a Neonatal Cranial USS | F86: https://www.youtube.com/watch?v=vpmcgZ7lGFs | G86: NeoSim RJMS | H86: Ta’lim kanali | I86: tekshirilmadi | J86: tekshirilmadi | K86: Ingliz | L86: Belgilanmagan | M86: Belgilanmagan | N86: Tekshirilmagan | O86: Ingliz subtitri bo‘lsa mos (tekshirilmagan) | P86: 2026-10-17 | Q86: Havola tekshirilgan (oEmbed, GitHub serveri) | X86: =IF(COUNT(R86:W86)=6,SUM(R86:W86),"ko‘rilmagan") -> ko‘rilmagan | Y86: Ilova katalogi v1 (2026-10-16); Ilovada: Neyrosonografiya → Tekshirish texnikasi
A87: V086 | B87: 09.27.02 | D87: =IFERROR(INDEX(Mundarija!$D:$D,MATCH(B87,Mundarija!$A:$A,0)),"kod topilmadi") -> 27.2. Yangi tug‘ilgan chaqaloq bosh miyasi — neyrosonografiya. | E87: Ultrasound of the Neonatal Head and Spine | GE Healthcare | F87: https://www.youtube.com/watch?v=uyaaVrrBj0I | G87: GE HealthCare | H87: Ta’lim kanali | I87: tekshirilmadi | J87: tekshirilmadi | K87: Ingliz | L87: Belgilanmagan | M87: Belgilanmagan | N87: Tekshirilmagan | O87: Ingliz subtitri bo‘lsa mos (tekshirilmagan) | P87: 2026-10-17 | Q87: Havola tekshirilgan (oEmbed, GitHub serveri) | X87: =IF(COUNT(R87:W87)=6,SUM(R87:W87),"ko‘rilmagan") -> ko‘rilmagan | Y87: Ilova katalogi v1 (2026-10-16); Ilovada: Neyrosonografiya → Bosh va umurtqa: normal anatomiya
A88: V087 | B88: 09.27.02 | D88: =IFERROR(INDEX(Mundarija!$D:$D,MATCH(B88,Mundarija!$A:$A,0)),"kod topilmadi") -> 27.2. Yangi tug‘ilgan chaqaloq bosh miyasi — neyrosonografiya. | E88: ventricular measurements on neonatal head ultrasound | F88: https://www.youtube.com/watch?v=zG8ZZHEMLGA | G88: James Robert X-ray | H88: Ta’lim kanali | I88: tekshirilmadi | J88: tekshirilmadi | K88: Ingliz | L88: Belgilanmagan | M88: Belgilanmagan | N88: Tekshirilmagan | O88: Ingliz subtitri bo‘lsa mos (tekshirilmagan) | P88: 2026-10-17 | Q88: Havola tekshirilgan (oEmbed, GitHub serveri) | X88: =IF(COUNT(R88:W88)=6,SUM(R88:W88),"ko‘rilmagan") -> ko‘rilmagan | Y88: Ilova katalogi v1 (2026-10-16); Ilovada: Neyrosonografiya → Qorinchalarni o‘lchash
... A91: V090 | B91: 09.27.02 | D91: =IFERROR(INDEX(Mundarija!$D:$D,MATCH(B91,Mundarija!$A:$A,0)),"kod topilmadi") -> 27.2. Yangi tug‘ilgan chaqaloq bosh miyasi — neyrosonografiya. | E91: IVH and the Preterm Brain | F91: https://www.youtube.com/watch?v=6IV2OcpLUz4 | G91: CanadianPreemies | H91: Ta’lim kanali | I91: tekshirilmadi | J91: tekshirilmadi | K91: Ingliz | L91: Belgilanmagan | M91: Belgilanmagan | N91: Tekshirilmagan | O91: Ingliz subtitri bo‘lsa mos (tekshirilmagan) | P91: 2026-10-17 | Q91: Havola tekshirilgan (oEmbed, GitHub serveri) | X91: =IF(COUNT(R91:W91)=6,SUM(R91:W91),"ko‘rilmagan") -> ko‘rilmagan | Y91: Ilova katalogi v1 (2026-10-16); Ilovada: Neyrosonografiya → Qorinchalar ichiga qon quyilish (IVH)
A92: V091 | B92: 09.27.02 | C92: 09.27.08 | D92: =IFERROR(INDEX(Mundarija!$D:$D,MATCH(B92,Mundarija!$A:$A,0)),"kod topilmadi") -> 27.2. Yangi tug‘ilgan chaqaloq bosh miyasi — neyrosonografiya. | E92: Ultrasound of the Neonatal Spine | F92: https://www.youtube.com/watch?v=JJFx_Se8kvc | G92: Emily Bass | H92: Ta’lim kanali | I92: tekshirilmadi | J92: tekshirilmadi | K92: Ingliz | L92: Belgilanmagan | M92: Belgilanmagan | N92: Tekshirilmagan | O92: Ingliz subtitri bo‘lsa mos (tekshirilmagan) | P92: 2026-10-17 | Q92: Havola tekshirilgan (oEmbed, GitHub serveri) | X92: =IF(COUNT(R92:W92)=6,SUM(R92:W92),"ko‘rilmagan") -> ko‘rilmagan | Y92: Ilova katalogi v1 (2026-10-16); Ilovada: Neyrosonografiya → Chaqaloq umurtqa pog‘onasi
A93: V092 | B93: 08.26.02 | C93: 08.26.01 | D93: =IFERROR(INDEX(Mundarija!$D:$D,MATCH(B93,Mundarija!$A:$A,0)),"kod topilmadi") -> 26.2. Parasternal, apikal, subkostal va suprasternal kesimlar. | E93: Standard views for a basic echocardiogram | F93: https://www.youtube.com/watch?v=fPPNqhd9DRk | G93: Learning Cardiology | H93: Ta’lim kanali | I93: tekshirilmadi | J93: tekshirilmadi | K93: Ingliz | L93: Belgilanmagan | M93: Belgilanmagan | N93: Tekshirilmagan | O93: Ingliz subtitri bo‘lsa mos (tekshirilmagan) | P93: 2026-10-17 | Q93: Havola tekshirilgan (oEmbed, GitHub serveri) | X93: =IF(COUNT(R93:W93)=6,SUM(R93:W93),"ko‘rilmagan") -> ko‘rilmagan | Y93: Ilova katalogi v1 (2026-10-16); Ilovada: Yurak exokardiografiyasi → Asosiy pozitsiyalar
A94: V093 | B94: 08.26.02 | D94: =IFERROR(INDEX(Mundarija!$D:$D,MATCH(B94,Mundarija!$A:$A,0)),"kod topilmadi") -> 26.2. Parasternal, apikal, subkostal va suprasternal kesimlar. | E94: Basic Cardiac Ultrasound Views 3: Apical 4 Chamber (A4C) | F94: https://www.youtube.com/watch?v=_xXJgRVC0pU | G94: Calgary IMUS | H94: Ta’lim kanali | I94: tekshirilmadi | J94: tekshirilmadi | K94: Ingliz | L94: Belgilanmagan | M94: Belgilanmagan | N94: Tekshirilmagan | O94: Ingliz subtitri bo‘lsa mos (tekshirilmagan) | P94: 2026-10-17 | Q94: Havola tekshirilgan (oEmbed, GitHub serveri) | X94: =IF(COUNT(R94:W94)=6,SUM(R94:W94),"ko‘rilmagan") -> ko‘rilmagan | Y94: Ilova katalogi v1 (2026-10-16); Ilovada: Yurak exokardiografiyasi → Apikal to‘rt kamerali pozitsiya
A95: V094 | B95: 08.26.06 | D95: =IFERROR(INDEX(Mundarija!$D:$D,MATCH(B95,Mundarija!$A:$A,0)),"kod topilmadi") -> 26.6. Chap qorincha sistolik funksiyasi va EF. | E95: Echo Core Curriculum: A Practical Approach to Left Ventricular Ejection Fraction (LVEF) by Echo | F95: https://www.youtube.com/watch?v=7qIoGhlrbVc | G95: St. Michael's Hospital Virtual Echo Rounds | H95: Ta’lim kanali | I95: tekshirilmadi | J95: tekshirilmadi | K95: Ingliz | L95: Belgilanmagan | M95: Belgilanmagan | N95: Tekshirilmagan | O95: Ingliz subtitri bo‘lsa mos (tekshirilmagan) | P95: 2026-10-17 | Q95: Havola tekshirilgan (oEmbed, GitHub serveri) | X95: =IF(COUNT(R95:W95)=6,SUM(R95:W95),"ko‘rilmagan") -> ko‘rilmagan | Y95: Ilova katalogi v1 (2026-10-16); Ilovada: Yurak exokardiografiyasi → Chap qorincha otish fraksiyasi
A96: V095 | B96: 08.26.08 | D96: =IFERROR(INDEX(Mundarija!$D:$D,MATCH(B96,Mundarija!$A:$A,0)),"kod topilmadi") -> 26.8. Klapanlar: stenoz va regurgitatsiya. | E96: Mitral Stenosis. Echocardiographic Assessment | F96: https://www.youtube.com/watch?v=xrHiJtoggUI | G96: Echo Singh by Dr. U P Singh | H96: Ta’lim kanali | I96: tekshirilmadi | J96: tekshirilmadi | K96: Ingliz | L96: Belgilanmagan | M96: Belgilanmagan | N96: Tekshirilmagan | O96: Ingliz subtitri bo‘lsa mos (tekshirilmagan) | P96: 2026-10-17 | Q96: Havola tekshirilgan (oEmbed, GitHub serveri) | X96: =IF(COUNT(R96:W96)=6,SUM(R96:W96),"ko‘rilmagan") -> ko‘rilmagan | Y96: Ilova katalogi v1 (2026-10-16); Ilovada: Yurak exokardiografiyasi → Mitral stenoz
A97: V096 | B97: 08.26.08 | D97: =IFERROR(INDEX(Mundarija!$D:$D,MATCH(B97,Mundarija!$A:$A,0)),"kod topilmadi") -> 26.8. Klapanlar: stenoz va regurgitatsiya. | E97: Mitral Regurgitation: The New 2017 ASE Guidelines. Role of 2D/3D (WILLIAM A. ZOGHBI, MD) | F97: https://www.youtube.com/watch?v=l8heXKDGcOA | G97: Houston Methodist DeBakey CV Education | H97: Ta’lim kanali | I97: tekshirilmadi | J97: tekshirilmadi | K97: Ingliz | L97: Belgilanmagan | M97: Belgilanmagan | N97: Tekshirilmagan | O97: Ingliz subtitri bo‘lsa mos (tekshirilmagan) | P97: 2026-10-17 | Q97: Havola tekshirilgan (oEmbed, GitHub serveri) | X97: =IF(COUNT(R97:W97)=6,SUM(R97:W97),"ko‘rilmagan") -> ko‘rilmagan | Y97: Ilova katalogi v1 (2026-10-16); Ilovada: Yurak exokardiografiyasi → Mitral regurgitatsiya
A98: V097 | B98: 08.26.08 | D98: =IFERROR(INDEX(Mundarija!$D:$D,MATCH(B98,Mundarija!$A:$A,0)),"kod topilmadi") -> 26.8. Klapanlar: stenoz va regurgitatsiya. | E98: Echocardiographic Assessment of Aortic Stenosis | F98: https://www.youtube.com/watch?v=hW9FYG60OUY | G98: St. Michael's Hospital Virtual Echo Rounds | H98: Ta’lim kanali | I98: tekshirilmadi | J98: tekshirilmadi | K98: Ingliz | L98: Belgilanmagan | M98: Belgilanmagan | N98: Tekshirilmagan | O98: Ingliz subtitri bo‘lsa mos (tekshirilmagan) | P98: 2026-10-17 | Q98: Havola tekshirilgan (oEmbed, GitHub serveri) | X98: =IF(COUNT(R98:W98)=6,SUM(R98:W98),"ko‘rilmagan") -> ko‘rilmagan | Y98: Ilova katalogi v1 (2026-10-16); Ilovada: Yurak exokardiografiyasi → Aortal stenoz
A99: V098 | B99: 08.26.10 | D99: =IFERROR(INDEX(Mundarija!$D:$D,MATCH(B99,Mundarija!$A:$A,0)),"kod topilmadi") -> 26.10. Perikardial suyuqlik va tamponada. | E99: Level 1 Video Lecture: Pericardial Effusions and Cardiac Tamponade | F99: https://www.youtube.com/watch?v=LQGIWOlGW0E | G99: Richard Fisher | H99: Ta’lim kanali | I99: tekshirilmadi | J99: tekshirilmadi | K99: Ingliz | L99: Belgilanmagan | M99: Belgilanmagan | N99: Tekshirilmagan | O99: Ingliz subtitri bo‘lsa mos (tekshirilmagan) | P99: 2026-10-17 | Q99: Havola tekshirilgan (oEmbed, GitHub serveri) | X99: =IF(COUNT(R99:W99)=6,SUM(R99:W99),"ko‘rilmagan") -> ko‘rilmagan | Y99: Ilova katalogi v1 (2026-10-16); Ilovada: Yurak exokardiografiyasi → Perikard suyuqligi va tamponada
A100: V099 | B100: 06.22.01 | D100: =IFERROR(INDEX(Mundarija!$D:$D,MATCH(B100,Mundarija!$A:$A,0)),"kod topilmadi") -> 22.1. Normal anatomiya va o‘lchash. | E100: Anatomy Normal Thyroid Ultrasound Teaching Video Part 1 | F100: https://www.youtube.com/watch?v=qAyRTluQxU8 | G100: drcrutch | H100: Ta’lim kanali | I100: tekshirilmadi | J100: tekshirilmadi | K100: Ingliz | L100: Belgilanmagan | M100: Belgilanmagan | N100: Tekshirilmagan | O100: Ingliz subtitri bo‘lsa mos (tekshirilmagan) | P100: 2026-10-17 | Q100: Havola tekshirilgan (oEmbed, GitHub serveri) | X100: =IF(COUNT(R100:W100)=6,SUM(R100:W100),"ko‘rilmagan") -> ko‘rilmagan | Y100: Ilova katalogi v1 (2026-10-16); Ilovada: Qalqonsimon bez → Normal anatomiya
A101: V100 | B101: 06.22.01 | D101: =IFERROR(INDEX(Mundarija!$D:$D,MATCH(B101,Mundarija!$A:$A,0)),"kod topilmadi") -> 22.1. Normal anatomiya va o‘lchash. | E101: Thyroid Ultrasound Probe Positioning | Transducer Placement, Scanning Technique USG | F101: https://www.youtube.com/watch?v=yGg7Ci88HrQ | G101: Dr. Sam's Imaging Library | H101: Ta’lim kanali | I101: tekshirilmadi | J101: tekshirilmadi | K101: Ingliz | L101: Belgilanmagan | M101: Belgilanmagan | N101: Tekshirilmagan | O101: Ingliz subtitri bo‘lsa mos (tekshirilmagan) | P101: 2026-10-17 | Q101: Havola tekshirilgan (oEmbed, GitHub serveri) | X101: =IF(COUNT(R101:W101)=6,SUM(R101:W101),"ko‘rilmagan") -> ko‘rilmagan | Y101: Ilova katalogi v1 (2026-10-16); Ilovada: Qalqonsimon bez → Tekshirish texnikasi
A102: V101 | B102: 06.22.01 | C102: 06.22.02; 06.22.03 | D102: =IFERROR(INDEX(Mundarija!$D:$D,MATCH(B102,Mundarija!$A:$A,0)),"kod topilmadi") -> 22.1. Normal anatomiya va o‘lchash. | E102: Thyroid Ultrasound Course | F102: https://www.youtube.com/watch?v=bwuUR_Z8kb4 | G102: thyroidorg | H102: Ta’lim kanali | I102: tekshirilmadi | J102: tekshirilmadi | K102: Ingliz | L102: Belgilanmagan | M102: Belgilanmagan | N102: Tekshirilmagan | O102: Ingliz subtitri bo‘lsa mos (tekshirilmagan) | P102: 2026-10-17 | Q102: Havola tekshirilgan (oEmbed, GitHub serveri) | X102: =IF(COUNT(R102:W102)=6,SUM(R102:W102),"ko‘rilmagan") -> ko‘rilmagan | Y102: Ilova katalogi v1 (2026-10-16); Ilovada: Qalqonsimon bez → To‘liq kurs
...

Sheet Rad va ziddiyat
A1: YouTube URL | B1: Qidiruvdagi ma’lumot | C1: Muammo | D1: Qaror
A2: https://www.youtube.com/watch?v=bynlxFY8R_I | B2: Qidiruvda: “Unit 24: Patient Safety & Bioeffects Sononerds Physics” | C2: Sahifa boshqa videoni berdi: “Ultrasound Reflection & Refraction Explained” (Ultrasound for Beginners) | D2: Ziddiyat — qo‘lda tekshirish kerak
A3: https://www.youtube.com/watch?v=EwoohZ4dHZc | B3: Qidiruvda: “Ultrasound Physics with Sononerds Unit 15a” | C3: Sahifa “Unit 19: Doppler Physics” metadatasini berdi | D3: Ziddiyat — qo‘lda tekshirish kerak
A4: https://www.youtube.com/watch?v=BBvS4uwNF5U | B4: Qidiruvda: “Ultrasound Physics - Angle Correction for Doppler” | C4: Sahifa “Sononerds Unit 6b” metadatasini berdi | D4: Ziddiyat — qo‘lda tekshirish kerak
A5: https://www.youtube.com/watch?v=Fz2-LSMEov0 | B5: Qidiruvda: “Disinfection of Ultrasound Devices” | C5: Sahifa “Proper POCUS Cleaning and Disinfection” (V-katalogda bor) ni berdi | D5: Ziddiyat — qo‘lda tekshirish kerak
A6: https://www.youtube.com/watch?v=xMHvz-43Fdk | B6: 10 Ultrasound Artifacts That Can Improve Your Diagnosis! (VetImageLab, 2025-03-01) | C6: Veterinariya kanali | D6: Rad etildi — mavzuga mos emas
A7: https://www.youtube.com/watch?v=vRC-Mbj2gI0 | B7: Ultrasound Physics Part 5 | ACOUSTIC IMPEDANCE (Sonographer Central, 2026-09-15) | C7: Yangi kanal, ishonchliligi noma’lum | D7: Zaxira
A8: https://www.youtube.com/watch?v=cMwLknD6ZMA | B8: Ultrasound Artifacts Explained (Circus of Physics, 2026-03-17) | C8: Umumiy fizika kanali, tibbiy ishonchliligi noma’lum | D8: Zaxira
A9: https://www.youtube.com/watch?v=DNPx-XrdCuQ | B9: Ultrasound Training General Pediatric Protocols and the Abdomen | C9: oEmbed 401: yopiq yoki joylashtirish taqiqlangan | D9: Rad etildi
A10: https://www.youtube.com/watch?v=CVIUh9LKl78 | B10: Introduction to ObGyn Ultrasound - Image Orientation | C10: oEmbed 403: yopiq | D10: Rad etildi
A11: https://www.youtube.com/watch?v=ahMemzGlSRQ | B11: Do’s and Don’ts of Ultrasound Ergonomics (BB Imaging) | C11: Serverda o‘ynamadi | D11: Rad etildi
A12: https://www.youtube.com/watch?v=iqi43TKHuVY | B12: A Brief Introduction to Ultrasound Measurement (Mobius Institute) | C12: Sanoat ultratovushi (tibbiy emas) | D12: Rad etildi — mavzuga mos emas
... A48: https://www.youtube.com/watch?v=seJHl9JH8XU | B48: Ultrasound of Hypertrophic Pyloric Stenosis | C48: oEmbed 404: o‘chirilgan | D48: Rad etildi

Sheet Qamrov
A1: Bo‘lim | B1: Bob | C1: Kichik mavzular | D1: Video topilgan mavzular | E1: Video qamrovi | F1: Yetishmaydi | G1: Qisman | H1: Takroriy
A2: I. ULTRATOVUSH FIZIKASI VA APPARAT BILAN ISHLASH | B2: 1-bob. Ultratovush fizikasi | C2: =COUNTIF(Mundarija!$C$2:$C$254,B2) -> 5 | D2: =COUNTIFS(Mundarija!$C$2:$C$254,B2,Mundarija!$E$2:$E$254,">0") -> 5 | E2: =IF(C2=0,0,D2/C2) -> 1 | F2: =COUNTIFS(Mundarija!$C$2:$C$254,B2,Mundarija!$H$2:$H$254,"Yetishmaydi") -> 0 | G2: =COUNTIFS(Mundarija!$C$2:$C$254,B2,Mundarija!$H$2:$H$254,"Qisman to‘ldirilgan") -> 1 | H2: =COUNTIFS(Mundarija!$C$2:$C$254,B2,Mundarija!$H$2:$H$254,"Takroriy") -> 0
A3: I. ULTRATOVUSH FIZIKASI VA APPARAT BILAN ISHLASH | B3: 2-bob. UZI apparati va datchiklar | C3: =COUNTIF(Mundarija!$C$2:$C$254,B3) -> 7 | D3: =COUNTIFS(Mundarija!$C$2:$C$254,B3,Mundarija!$E$2:$E$254,">0") -> 7 | E3: =IF(C3=0,0,D3/C3) -> 1 | F3: =COUNTIFS(Mundarija!$C$2:$C$254,B3,Mundarija!$H$2:$H$254,"Yetishmaydi") -> 0 | G3: =COUNTIFS(Mundarija!$C$2:$C$254,B3,Mundarija!$H$2:$H$254,"Qisman to‘ldirilgan") -> 3 | H3: =COUNTIFS(Mundarija!$C$2:$C$254,B3,Mundarija!$H$2:$H$254,"Takroriy") -> 0
A4: I. ULTRATOVUSH FIZIKASI VA APPARAT BILAN ISHLASH | B4: 3-bob. Tasvirni optimallashtirish | C4: =COUNTIF(Mundarija!$C$2:$C$254,B4) -> 6 | D4: =COUNTIFS(Mundarija!$C$2:$C$254,B4,Mundarija!$E$2:$E$254,">0") -> 5 | E4: =IF(C4=0,0,D4/C4) -> 0.83333333 | F4: =COUNTIFS(Mundarija!$C$2:$C$254,B4,Mundarija!$H$2:$H$254,"Yetishmaydi") -> 1 | G4: =COUNTIFS(Mundarija!$C$2:$C$254,B4,Mundarija!$H$2:$H$254,"Qisman to‘ldirilgan") -> 1 | H4: =COUNTIFS(Mundarija!$C$2:$C$254,B4,Mundarija!$H$2:$H$254,"Takroriy") -> 0
A5: I. ULTRATOVUSH FIZIKASI VA APPARAT BILAN ISHLASH | B5: 4-bob. Ultratovush artefaktlari | C5: =COUNTIF(Mundarija!$C$2:$C$254,B5) -> 6 | D5: =COUNTIFS(Mundarija!$C$2:$C$254,B5,Mundarija!$E$2:$E$254,">0") -> 6 | E5: =IF(C5=0,0,D5/C5) -> 1 | F5: =COUNTIFS(Mundarija!$C$2:$C$254,B5,Mundarija!$H$2:$H$254,"Yetishmaydi") -> 0 | G5: =COUNTIFS(Mundarija!$C$2:$C$254,B5,Mundarija!$H$2:$H$254,"Qisman to‘ldirilgan") -> 2 | H5: =COUNTIFS(Mundarija!$C$2:$C$254,B5,Mundarija!$H$2:$H$254,"Takroriy") -> 0
A6: I. ULTRATOVUSH FIZIKASI VA APPARAT BILAN ISHLASH | B6: 5-bob. Doppler ultratovush asoslari | C6: =COUNTIF(Mundarija!$C$2:$C$254,B6) -> 7 | D6: =COUNTIFS(Mundarija!$C$2:$C$254,B6,Mundarija!$E$2:$E$254,">0") -> 7 | E6: =IF(C6=0,0,D6/C6) -> 1 | F6: =COUNTIFS(Mundarija!$C$2:$C$254,B6,Mundarija!$H$2:$H$254,"Yetishmaydi") -> 0 | G6: =COUNTIFS(Mundarija!$C$2:$C$254,B6,Mundarija!$H$2:$H$254,"Qisman to‘ldirilgan") -> 1 | H6: =COUNTIFS(Mundarija!$C$2:$C$254,B6,Mundarija!$H$2:$H$254,"Takroriy") -> 1
A7: I. ULTRATOVUSH FIZIKASI VA APPARAT BILAN ISHLASH | B7: 6-bob. Biologik xavfsizlik | C7: =COUNTIF(Mundarija!$C$2:$C$254,B7) -> 6 | D7: =COUNTIFS(Mundarija!$C$2:$C$254,B7,Mundarija!$E$2:$E$254,">0") -> 6 | E7: =IF(C7=0,0,D7/C7) -> 1 | F7: =COUNTIFS(Mundarija!$C$2:$C$254,B7,Mundarija!$H$2:$H$254,"Yetishmaydi") -> 0 | G7: =COUNTIFS(Mundarija!$C$2:$C$254,B7,Mundarija!$H$2:$H$254,"Qisman to‘ldirilgan") -> 2 | H7: =COUNTIFS(Mundarija!$C$2:$C$254,B7,Mundarija!$H$2:$H$254,"Takroriy") -> 1
A8: II. TEKSHIRUV METODIKASI VA DIAGNOSTIK TAFAKKUR | B8: 7-bob. Bemorni tekshiruvga tayyorlash | C8: =COUNTIF(Mundarija!$C$2:$C$254,B8) -> 6 | D8: =COUNTIFS(Mundarija!$C$2:$C$254,B8,Mundarija!$E$2:$E$254,">0") -> 4 | E8: =IF(C8=0,0,D8/C8) -> 0.66666667 | F8: =COUNTIFS(Mundarija!$C$2:$C$254,B8,Mundarija!$H$2:$H$254,"Yetishmaydi") -> 2 | G8: =COUNTIFS(Mundarija!$C$2:$C$254,B8,Mundarija!$H$2:$H$254,"Qisman to‘ldirilgan") -> 0 | H8: =COUNTIFS(Mundarija!$C$2:$C$254,B8,Mundarija!$H$2:$H$254,"Takroriy") -> 0
A9: II. TEKSHIRUV METODIKASI VA DIAGNOSTIK TAFAKKUR | B9: 8-bob. Skanerlash texnikasi va ergonomika | C9: =COUNTIF(Mundarija!$C$2:$C$254,B9) -> 6 | D9: =COUNTIFS(Mundarija!$C$2:$C$254,B9,Mundarija!$E$2:$E$254,">0") -> 5 | E9: =IF(C9=0,0,D9/C9) -> 0.83333333 | F9: =COUNTIFS(Mundarija!$C$2:$C$254,B9,Mundarija!$H$2:$H$254,"Yetishmaydi") -> 1 | G9: =COUNTIFS(Mundarija!$C$2:$C$254,B9,Mundarija!$H$2:$H$254,"Qisman to‘ldirilgan") -> 1 | H9: =COUNTIFS(Mundarija!$C$2:$C$254,B9,Mundarija!$H$2:$H$254,"Takroriy") -> 0
A10: II. TEKSHIRUV METODIKASI VA DIAGNOSTIK TAFAKKUR | B10: 9-bob. Sonografik diagnostika va xulosa yozish | C10: =COUNTIF(Mundarija!$C$2:$C$254,B10) -> 7 | D10: =COUNTIFS(Mundarija!$C$2:$C$254,B10,Mundarija!$E$2:$E$254,">0") -> 6 | E10: =IF(C10=0,0,D10/C10) -> 0.85714286 | F10: =COUNTIFS(Mundarija!$C$2:$C$254,B10,Mundarija!$H$2:$H$254,"Yetishmaydi") -> 1 | G10: =COUNTIFS(Mundarija!$C$2:$C$254,B10,Mundarija!$H$2:$H$254,"Qisman to‘ldirilgan") -> 1 | H10: =COUNTIFS(Mundarija!$C$2:$C$254,B10,Mundarija!$H$2:$H$254,"Takroriy") -> 0
A11: III. QORIN BO‘SHLIG‘I VA RETROPERITONEAL SOHA | B11: 10-bob. Jigar | C11: =COUNTIF(Mundarija!$C$2:$C$254,B11) -> 9 | D11: =COUNTIFS(Mundarija!$C$2:$C$254,B11,Mundarija!$E$2:$E$254,">0") -> 9 | E11: =IF(C11=0,0,D11/C11) -> 1 | F11: =COUNTIFS(Mundarija!$C$2:$C$254,B11,Mundarija!$H$2:$H$254,"Yetishmaydi") -> 0 | G11: =COUNTIFS(Mundarija!$C$2:$C$254,B11,Mundarija!$H$2:$H$254,"Qisman to‘ldirilgan") -> 0 | H11: =COUNTIFS(Mundarija!$C$2:$C$254,B11,Mundarija!$H$2:$H$254,"Takroriy") -> 0
A12: III. QORIN BO‘SHLIG‘I VA RETROPERITONEAL SOHA | B12: 11-bob. O‘t pufagi va o‘t yo‘llari | C12: =COUNTIF(Mundarija!$C$2:$C$254,B12) -> 8 | D12: =COUNTIFS(Mundarija!$C$2:$C$254,B12,Mundarija!$E$2:$E$254,">0") -> 5 | E12: =IF(C12=0,0,D12/C12) -> 0.625 | F12: =COUNTIFS(Mundarija!$C$2:$C$254,B12,Mundarija!$H$2:$H$254,"Yetishmaydi") -> 3 | G12: =COUNTIFS(Mundarija!$C$2:$C$254,B12,Mundarija!$H$2:$H$254,"Qisman to‘ldirilgan") -> 0 | H12: =COUNTIFS(Mundarija!$C$2:$C$254,B12,Mundarija!$H$2:$H$254,"Takroriy") -> 0
A13: III. QORIN BO‘SHLIG‘I VA RETROPERITONEAL SOHA | B13: 12-bob. Oshqozon osti bezi | C13: =COUNTIF(Mundarija!$C$2:$C$254,B13) -> 5 | D13: =COUNTIFS(Mundarija!$C$2:$C$254,B13,Mundarija!$E$2:$E$254,">0") -> 2 | E13: =IF(C13=0,0,D13/C13) -> 0.4 | F13: =COUNTIFS(Mundarija!$C$2:$C$254,B13,Mundarija!$H$2:$H$254,"Yetishmaydi") -> 3 | G13: =COUNTIFS(Mundarija!$C$2:$C$254,B13,Mundarija!$H$2:$H$254,"Qisman to‘ldirilgan") -> 1 | H13: =COUNTIFS(Mundarija!$C$2:$C$254,B13,Mundarija!$H$2:$H$254,"Takroriy") -> 0
... A34: XIII. SIFAT, RAQAMLI ISH JARAYONI VA KASBIY RIVOJLANISH | B34: 33-bob. Sifat nazorati va kasbiy rivojlanish | C34: =COUNTIF(Mundarija!$C$2:$C$254,B34) -> 8 | D34: =COUNTIFS(Mundarija!$C$2:$C$254,B34,Mundarija!$E$2:$E$254,">0") -> 3 | E34: =IF(C34=0,0,D34/C34) -> 0.375 | F34: =COUNTIFS(Mundarija!$C$2:$C$254,B34,Mundarija!$H$2:$H$254,"Yetishmaydi") -> 4 | G34: =COUNTIFS(Mundarija!$C$2:$C$254,B34,Mundarija!$H$2:$H$254,"Qisman to‘ldirilgan") -> 0 | H34: =COUNTIFS(Mundarija!$C$2:$C$254,B34,Mundarija!$H$2:$H$254,"Takroriy") -> 1
B35: Jami | C35: =SUM(C2:C34) -> 253 | D35: =SUM(D2:D34) -> 192 | E35: =IF(C35=0,0,D35/C35) -> 0.75889328 | F35: =SUM(F2:F34) -> 58 | G35: =SUM(G2:G34) -> 19 | H35: =SUM(H2:H34) -> 10
A37: Loyiha holati (oldindan belgilangan mezonlar)
A38: Mezon | B38: Qanday hisoblanadi | C38: Natija
A39: Mundarija to‘liqligi | B39: Kodlangan kichik mavzular / berilgan mundarijadagi kichik mavzular (253) | C39: =C35/253 -> 1
A40: Video qamrovi (butun kurs) | B40: Kamida bitta videosi bor kichik mavzular / jami | C40: =E35 -> 0.75889328
A41: Video qamrovi (I bo‘lim) | B41: I bo‘limda kamida bitta videosi bor kichik mavzular / I bo‘lim mavzulari | C41: =SUM(D2:D7)/SUM(C2:C7) -> 0.97297297
A42: URL tekshiruvi | B42: Havolasi server (oEmbed) yoki sahifa orqali tasdiqlangan videolar / katalogdagi barcha videolar (ishlamaydiganlari ham maxrajda) | C42: =(COUNTIF(Katalog!$Q$2:$Q$313,"Havola tekshirilgan*")+COUNTIF(Katalog!$Q$2:$Q$313,"Metadata tekshirilgan*"))/COUNTA(Katalog!$A$2:$A$313) -> 0.99038462
A43: Sifat auditi | B43: To‘liq ko‘rilib 6 mezon bo‘yicha baholangan videolar / katalogdagi videolar | C43: =COUNT(Katalog!$X$2:$X$313)/COUNTA(Katalog!$A$2:$A$313) -> 0

Sheet Audit
A1: Mavjud material | B1: Qayerda | C1: Mazmuni | D1: Holat | E1: SHOKALONdagi o‘rni
A2: SHOKALON — strategiya va birinchi reja | B2: Hujjat, 2026-10-11 | C2: 13 ta qorin bo‘shlig‘i videosi (jigar, CBD, elastografiya, pankreas, buyrak) | D2: Mavjud, saqlandi | E2: Katalogda V001–V013
A3: Oldingi mundarija (boshqa suhbatda) | B3: Bu sessiyada topilmadi | C3: Siz aytgan avvalgi mundarija | D3: Topilmadi | E3: Matnini yuborsangiz, 33 bobli mundarija bilan solishtiraman
A4: Telefondagi video papkalar | B4: Telefon, “Video” ilovasi (skrinshot, 2026-10-11) | C4: Doplerografiya 20, Exokardiografiya 32, Neyrosonografiya 19, Qalqonsimon bez 17, Qorin bo‘shlig‘i va ginekologiya 15, Sut bezi va limfa tugunlari 19, xomila 47, VIDEO 10, Movies 16 | D4: Mavjud, lekin tekshirilmagan | E4: Fayl nomlari ko‘rinmaydi; ro‘yxatini yuborsangiz katalogga “mahalliy fayl” sifatida bog‘layman
A5: Jigar o‘choqlari ultratovush diagnostikasi qo‘llanmasi | B5: Hujjat, 2026-10-07 | C5: Jigar fokal hosilalari | D5: Mavjud, lekin tekshirilmagan | E5: 3-bosqich (atlas): 03.10.05, 03.10.06, 03.10.09
A6: УЗД тести, Senior daraja УЗД саволлари | B6: Hujjatlar, 2026-10-06 | C6: Test savollari (kirill) | D6: Mavjud, lekin tekshirilmagan | E6: 4-bosqich (testlar); mundarija kodlariga bog‘lash kerak
A7: Neonatal exokardiografiya — amaliy qo‘llanma | B7: Hujjat, 2026-09-27 | C7: Chaqaloqlar exokardiografiyasi | D7: Mavjud, lekin tekshirilmagan | E7: 3-bosqich: 09.27.09, 08.26.12
A8: UZI lug‘ati (228 atama) | B8: Dual Replay repozitoriysi, assets/uzi_glossary.tsv | C8: Shifokor tekshirgan atamalar | D8: Mavjud va tekshirilgan | E8: 7-bosqich (tarjima) uchun yagona atama standarti
A9: Dual Replay uz ilovasi | B9: GitHub: botanikjon-droid/dual-sub-replay, claude/uzi-glossary-speech (08d0668) | C9: Subtitr, tarjima, lug‘at, ovoz | D9: Mavjud | E9: 9-bosqich: katalog JSON sifatida ilovaga kiradi
A11: Mundarija auditi
A12: Tur | B12: Kod(lar) | C12: Muammo | D12: Taklif
A13: Takror | B13: 01.02.07 / 01.06.05 | C13: Datchik gigiyenasi ikki joyda | D13: 2.7 da qoldirish, 6.5 da havola
A14: Takror | B14: 03.15.01, 03.15.02 / 07.25.07 | C14: Aorta va pastki kava vena ikki joyda | D14: 15-bobda klinik qism, 25.7 da Doppler qismi; yoki 25.7 ni olib tashlash
A15: Takror | B15: 03.10.07 / 12.30.04, 12.30.06 | C15: Jigar elastografiyasi ikki joyda | D15: 10.7 — qisqa klinik ko‘rinish, 30-bob — texnika; havola bilan
A16: Takror | B16: 06.22.07 / 12.32.03 | C16: Biopsiya ikki joyda | D16: 22.7 ni “ko‘rsatmalar” bilan cheklash
A17: Takror | B17: 05.21.08 / 08.26.12 / 09.27.09 | C17: Homila va bolalar yuragi uch joyda | D17: Har birining yoshi va maqsadini aniq ajratish
A18: Takror | B18: 04.16.08 / 05.18.06 | C18: Ektopik homiladorlik ikki joyda | D18: 16.8 — chanoq suyuqligi, 18.6 — asosiy mavzu
A19: Tartib | B19: 01.04.05 | C19: Doppler aliasing Doppler asoslaridan (5-bob) oldin | D19: 5-bob oxiriga ko‘chirish yoki 4.5 ni “Doppler artefaktlariga kirish” deb qoldirish
A20: Atama | B20: 01.02.04 | C20: “Eksenel” rezolyutsiya | D20: “Aksial” rezolyutsiya
A21: Atama | B21: 01.02.06 | C21: Inglizcha “compound imaging, harmonic imaging” | D21: “kompaund va garmonik tasvirlash (compound, harmonic)”
A22: Atama | B22: 01.02.01 / 01.02.02 | C22: “transduser” va “datchik” aralash | D22: Lug‘atdagidek “datchik” asosiy, “transduser” qavsda
A23: Atama | B23: VIII bo‘lim | C23: “ECHOKARDIOGRAFIYA” va 26.13 da “EchoKG” | D23: Bir xil yozuv: “Exokardiografiya (EchoKG)”
... A27: Kengaytirish | B27: 09.27.02 | C27: Neyrosonografiya bitta mavzu | D27: Alohida bob (normal anatomiya, IVH darajalari, PVL, gidrotsefaliya, Doppler)
A29: Loyihadan chetga chiqishlar va tuzatish (2026-10-17)
A30: Chetga chiqish | B30: Prompt talabi | C30: Nima qilindi | D30: Holat
A31: Ikki alohida katalog: ilovada 135 dars (bo‘lim → mavzu), Excel’da 50 video (kod bilan); ilova darslarining kodi va Video ID’si yo‘q edi | B31: “Har bir videoga noyob ID va mundarija kodi” | C31: Ilovadagi barcha 135 dars yagona Katalogga kiritildi: Video ID, asosiy va qo‘shimcha kod; “Izoh” ustunida ilovadagi joyi | D31: Tuzatildi
A32: Ilovada 3 ta ishlamaydigan havola bor edi | B32: “Havolalar to‘g‘riligini tekshirish” | C32: Server tekshiruvi; 3 tasi almashtirildi; eski qatorlar “Ishlamaydi” deb saqlandi | D32: Tuzatildi
A33: Bosqichlar aralashgan: katalog tugamasdan ilovada tarjima tugmasi, konspekt-PDF va test qilingan (7, 11-bosqichlar) | B33: “Bosqichlarni aralashtirma” | C33: Siz so‘ragan funksiyalar o‘chirilmadi. Katalog yakunlanmaguncha atlas, test va prezentatsiya bo‘yicha yangi ish boshlanmaydi | D33: To‘xtatildi
A34: Ilova bo‘limlari (asoslar + 11 tekshiruv turi) 33 bobli tuzilmadan farq qiladi | B34: Mundarija asosiy tuzilma | C34: Ilova qulay ko‘rinish sifatida qoladi; bog‘lanish Katalogdagi kodlar orqali. Ilovada kod ko‘rsatish — 9-bosqichda | D34: Rejalashtirildi
A35: Ilova katalogi v1 (82 dars) uchun daraja va 30 ballik baho yo‘q | B35: Daraja va baho | C35: Daraja “Belgilanmagan”; ballar faqat video ko‘rilgach qo‘yiladi | D35: Ochiq
A36: Ommaviy SRT tarjimasi boshlanmagan; ilovada faqat ko‘rish paytidagi jonli tarjima bor | B36: “Subtitrlar to‘liq yig‘ilmaguncha tarjimaga o‘tma” | C36: Mos — o‘zgarish shart emas | D36: Mos
